sessionId,runIndex,versionName,status,stopSource,stopReason,startedAt,endedAt,durationMs,runTimerWhiteAt,firstSalmonSpawnAt,secondSalmonSpawnAt,thirdSalmonSpawnAt,runEndDetectedAt,pouchesDetected,pouchesDetectedCount,runecraftLevel,colossalCapacity,greatGuardianVerified,greatGuardianClicks,altarLoopsConfirmed,estimatedRunesConfirmedLower,estimatedRunesConfirmedUpper,estimatedRunesPendingLower,estimatedRunesPendingUpper,salmonPortalClicks,salmonPortalConfirmations,chargedCellAttempts,chargedCellVerified,workbenchClicks,workbenchFallbackCount,workbenchTotalMs,salmonMiningTotalMs,altarTotalMs,redPortalSearches,redPortalMisses,redPortalTotalMs,activeRuneChanges,activeRuneTimerAvgMs,guardianTimerRefusals,guardianNoTargetScans,cameraRotateCount,objectMissCounts,altarEnterAt,altarExitAt,altarClickAt,workbenchStartAt,workbenchEndAt,salmonMiningStartAt,salmonMiningEndAt,greatGuardianClickAt,greatGuardianConfirmedAt,chargedCellClickAt,chargedCellConfirmedAt,runeDepositClickAt,runeDepositConfirmedAt
20260508-133523,1,optimized-mining-workbench-travel-time,stopped_f4,f4,bot-stopped,2026-05-08T17:35:23.643Z,2026-05-08T17:41:54.275Z,390632,null,2026-05-08T17:40:12.000Z,null,null,null,small|medium|large|giant,4,null,null,3,3,0,0,0,0,0,2,1,3,3,8,0,46275,4000,30000,3,1,3400,13,19900,0,0,4,altar:5|redPortal:1|salmonPortal:3,2026-05-08T17:41:02.000Z,2026-05-08T17:41:32.000Z,2026-05-08T17:37:58.000Z|2026-05-08T17:38:06.000Z|2026-05-08T17:38:09.000Z|2026-05-08T17:39:23.000Z|2026-05-08T17:39:29.000Z|2026-05-08T17:39:32.000Z|2026-05-08T17:41:08.000Z|2026-05-08T17:41:17.000Z|2026-05-08T17:41:20.000Z,2026-05-08T17:36:50.000Z|2026-05-08T17:38:41.000Z|2026-05-08T17:40:01.000Z|2026-05-08T17:41:53.000Z,2026-05-08T17:37:10.000Z|2026-05-08T17:38:55.000Z|2026-05-08T17:40:12.000Z|null,2026-05-08T17:40:29.000Z,2026-05-08T17:40:33.000Z,2026-05-08T17:38:18.000Z|2026-05-08T17:39:40.000Z|2026-05-08T17:41:32.000Z,2026-05-08T17:38:25.000Z|2026-05-08T17:39:46.000Z|2026-05-08T17:41:38.000Z,2026-05-08T17:38:25.000Z|2026-05-08T17:39:46.000Z|2026-05-08T17:41:38.000Z,2026-05-08T17:38:30.000Z|2026-05-08T17:39:50.000Z|2026-05-08T17:41:42.000Z,2026-05-08T17:38:33.000Z|2026-05-08T17:39:53.000Z|2026-05-08T17:41:45.000Z,2026-05-08T17:38:40.000Z|2026-05-08T17:40:00.000Z|2026-05-08T17:41:53.000Z
20260508-134401,1,optimized-mining-workbench-travel-time,clean_complete,bot,gotr-round-restart,2026-05-08T17:44:01.051Z,2026-05-08T17:53:39.860Z,578809,2026-05-08T17:45:03.000Z,2026-05-08T17:50:00.000Z,2026-05-08T17:52:18.000Z,null,2026-05-08T17:53:39.000Z,small|medium|large|giant,4,null,null,4,5,0,0,0,0,0,2,2,4,4,11,3,246000,19000,32000,4,3,6200,20,19800,0,4,7,altar:5|guardian:4|redPortal:3|salmonPortal:1,2026-05-08T17:49:28.000Z,2026-05-08T17:50:00.000Z,2026-05-08T17:47:37.000Z|2026-05-08T17:47:45.000Z|2026-05-08T17:47:49.000Z|2026-05-08T17:49:36.000Z|2026-05-08T17:49:45.000Z|2026-05-08T17:49:49.000Z|2026-05-08T17:51:16.000Z|2026-05-08T17:51:24.000Z|2026-05-08T17:51:28.000Z|2026-05-08T17:51:31.000Z|2026-05-08T17:52:59.000Z|2026-05-08T17:53:07.000Z|2026-05-08T17:53:10.000Z|2026-05-08T17:53:14.000Z,2026-05-08T17:46:34.000Z|2026-05-08T17:46:59.000Z|2026-05-08T17:48:26.000Z|2026-05-08T17:48:46.000Z|2026-05-08T17:49:03.000Z,2026-05-08T17:46:53.000Z|2026-05-08T17:47:10.000Z|2026-05-08T17:48:40.000Z|2026-05-08T17:48:57.000Z|2026-05-08T17:52:14.000Z,2026-05-08T17:50:09.000Z|2026-05-08T17:52:28.000Z,2026-05-08T17:50:19.000Z|2026-05-08T17:52:37.000Z,2026-05-08T17:48:03.000Z|2026-05-08T17:50:50.000Z|2026-05-08T17:50:56.000Z|2026-05-08T17:51:41.000Z|2026-05-08T17:53:24.000Z,2026-05-08T17:48:08.000Z|2026-05-08T17:51:00.000Z|2026-05-08T17:51:47.000Z|2026-05-08T17:53:28.000Z,2026-05-08T17:48:08.000Z|2026-05-08T17:51:01.000Z|2026-05-08T17:51:47.000Z|2026-05-08T17:53:28.000Z,2026-05-08T17:48:14.000Z|2026-05-08T17:51:05.000Z|2026-05-08T17:51:51.000Z|2026-05-08T17:53:31.000Z,2026-05-08T17:48:17.000Z|2026-05-08T17:51:54.000Z|2026-05-08T17:53:33.000Z,2026-05-08T17:48:25.000Z|2026-05-08T17:52:00.000Z|2026-05-08T17:53:39.000Z
20260508-135339,2,optimized-mining-workbench-travel-time,stopped_f4,f4,bot-stopped,2026-05-08T17:53:39.868Z,2026-05-08T17:53:44.494Z,4626,null,null,null,null,null,null,null,null,null,0,0,0,0,0,0,0,0,0,0,0,0,0,null,null,null,0,0,0,null,null,0,0,0,null,null,null,null,null,null,null,null,null,null,null,null,null,null
20260508-135451,1,optimized-mining-workbench-travel-time,stopped_f4,f4,bot-stopped,2026-05-08T17:54:51.806Z,2026-05-08T17:56:52.417Z,120611,null,null,null,null,null,small|medium|large|giant,4,null,null,0,0,0,0,0,0,0,0,0,0,0,3,0,30417,null,null,0,0,0,null,null,0,0,0,null,null,null,null,2026-05-08T17:56:18.000Z|2026-05-08T17:56:41.000Z|2026-05-08T17:56:46.000Z,2026-05-08T17:56:38.000Z|2026-05-08T17:56:45.000Z|null,null,null,null,null,null,null,null,null
20260508-140448,1,optimized-mining-workbench-travel-time,stopped_f4,f4,bot-stopped,2026-05-08T18:04:48.703Z,2026-05-08T18:05:06.139Z,17436,null,null,null,null,null,small|medium|large|giant,4,null,null,0,0,0,0,0,0,0,0,0,0,0,0,0,null,null,null,0,0,0,null,null,0,0,2,null,null,null,null,null,null,null,null,null,null,null,null,null,null
20260508-140515,1,optimized-mining-workbench-travel-time,stopped_f4,f4,bot-stopped,2026-05-08T18:05:15.294Z,2026-05-08T18:12:01.502Z,406208,null,2026-05-08T18:07:21.000Z,2026-05-08T18:09:43.000Z,null,null,small|medium|large|giant,4,null,null,4,4,4,82,86,0,0,3,2,4,4,11,8,218000,13000,null,4,2,5300,15,19800,0,2,5,guardian:2|redPortal:2|salmonPortal:4,null,null,2026-05-08T18:07:05.000Z|2026-05-08T18:07:10.000Z|2026-05-08T18:07:13.000Z|2026-05-08T18:08:34.000Z|2026-05-08T18:08:42.000Z|2026-05-08T18:08:46.000Z|2026-05-08T18:08:49.000Z|2026-05-08T18:10:14.000Z|2026-05-08T18:10:21.000Z|2026-05-08T18:10:25.000Z|2026-05-08T18:11:21.000Z,2026-05-08T18:06:18.000Z|2026-05-08T18:06:39.000Z|2026-05-08T18:06:51.000Z|2026-05-08T18:09:33.000Z|2026-05-08T18:11:01.000Z|2026-05-08T18:11:14.000Z|2026-05-08T18:11:51.000Z|2026-05-08T18:11:55.000Z,2026-05-08T18:06:37.000Z|2026-05-08T18:06:50.000Z|2026-05-08T18:09:32.000Z|2026-05-08T18:09:43.000Z|2026-05-08T18:11:11.000Z|2026-05-08T18:11:16.000Z|2026-05-08T18:11:54.000Z|2026-05-08T18:11:57.000Z,2026-05-08T18:07:39.000Z|2026-05-08T18:09:52.000Z,2026-05-08T18:07:48.000Z|2026-05-08T18:09:56.000Z,2026-05-08T18:08:14.000Z|2026-05-08T18:08:58.000Z|2026-05-08T18:10:38.000Z|2026-05-08T18:11:31.000Z,2026-05-08T18:08:18.000Z|2026-05-08T18:09:04.000Z|2026-05-08T18:10:43.000Z|2026-05-08T18:11:37.000Z,2026-05-08T18:08:18.000Z|2026-05-08T18:09:04.000Z|2026-05-08T18:10:44.000Z|2026-05-08T18:11:37.000Z,2026-05-08T18:08:23.000Z|2026-05-08T18:09:08.000Z|2026-05-08T18:10:48.000Z|2026-05-08T18:11:41.000Z,2026-05-08T18:09:12.000Z|2026-05-08T18:10:53.000Z|2026-05-08T18:11:44.000Z,2026-05-08T18:09:18.000Z|2026-05-08T18:11:01.000Z|2026-05-08T18:11:51.000Z
20260508-142333,1,optimized-mining-workbench-travel-time,stopped_bot,bot,bot-stopped,2026-05-08T18:23:33.145Z,2026-05-08T18:32:23.796Z,530651,2026-05-08T18:24:19.000Z,2026-05-08T18:27:23.000Z,2026-05-08T18:29:21.000Z,2026-05-08T18:31:42.000Z,null,small|medium|large|giant,4,null,null,3,3,3,81,84,27,28,2,2,3,3,8,0,340000,16000,51000,3,2,4900,19,19800,0,1,6,altar:15|chargedCellDeposit:1|guardian:1|redPortal:2|runeDeposit:2|salmonPortal:4|workbench:1,2026-05-08T18:26:57.000Z|2026-05-08T18:30:25.000Z,2026-05-08T18:27:23.000Z|2026-05-08T18:30:50.000Z,2026-05-08T18:27:00.000Z|2026-05-08T18:27:07.000Z|2026-05-08T18:27:11.000Z|2026-05-08T18:28:33.000Z|2026-05-08T18:28:40.000Z|2026-05-08T18:28:44.000Z|2026-05-08T18:30:31.000Z|2026-05-08T18:30:38.000Z|2026-05-08T18:30:42.000Z|2026-05-08T18:32:10.000Z|2026-05-08T18:32:17.000Z,2026-05-08T18:25:53.000Z|2026-05-08T18:26:13.000Z|2026-05-08T18:26:25.000Z|2026-05-08T18:28:06.000Z|2026-05-08T18:28:19.000Z|2026-05-08T18:31:31.000Z,2026-05-08T18:26:10.000Z|2026-05-08T18:26:24.000Z|2026-05-08T18:28:04.000Z|2026-05-08T18:28:18.000Z|2026-05-08T18:31:29.000Z|2026-05-08T18:31:42.000Z,2026-05-08T18:29:38.000Z|2026-05-08T18:31:48.000Z,2026-05-08T18:29:50.000Z|2026-05-08T18:31:52.000Z,2026-05-08T18:27:27.000Z|2026-05-08T18:28:57.000Z|2026-05-08T18:30:51.000Z,2026-05-08T18:27:33.000Z|2026-05-08T18:29:04.000Z|2026-05-08T18:30:56.000Z,2026-05-08T18:27:33.000Z|2026-05-08T18:29:04.000Z|2026-05-08T18:30:57.000Z,2026-05-08T18:27:37.000Z|2026-05-08T18:29:14.000Z|2026-05-08T18:31:02.000Z,2026-05-08T18:27:41.000Z|2026-05-08T18:29:16.000Z|2026-05-08T18:31:05.000Z,2026-05-08T18:27:49.000Z
20260508-143404,1,optimized-mining-workbench-travel-time,clean_complete,bot,gotr-round-restart,2026-05-08T18:34:04.552Z,2026-05-08T18:42:28.868Z,504316,null,2026-05-08T18:36:39.000Z,2026-05-08T18:38:59.000Z,2026-05-08T18:41:18.000Z,2026-05-08T18:42:28.000Z,small|medium|large|giant,4,null,null,4,4,4,103,107,0,0,2,2,4,4,12,4,303000,14000,48000,4,0,2400,19,19800,0,0,8,altar:3|salmonPortal:8,2026-05-08T18:37:44.000Z|2026-05-08T18:40:00.000Z,2026-05-08T18:38:12.000Z|2026-05-08T18:40:20.000Z,2026-05-08T18:36:23.000Z|2026-05-08T18:36:28.000Z|2026-05-08T18:36:32.000Z|2026-05-08T18:37:44.000Z|2026-05-08T18:37:52.000Z|2026-05-08T18:37:56.000Z|2026-05-08T18:37:59.000Z|2026-05-08T18:40:01.000Z|2026-05-08T18:40:10.000Z|2026-05-08T18:41:54.000Z|2026-05-08T18:41:59.000Z|2026-05-08T18:42:02.000Z,2026-05-08T18:35:34.000Z|2026-05-08T18:35:43.000Z|2026-05-08T18:35:56.000Z|2026-05-08T18:36:08.000Z|2026-05-08T18:38:51.000Z|2026-05-08T18:39:29.000Z|2026-05-08T18:40:56.000Z|2026-05-08T18:41:09.000Z|2026-05-08T18:41:14.000Z,2026-05-08T18:35:42.000Z|2026-05-08T18:35:54.000Z|2026-05-08T18:36:07.000Z|2026-05-08T18:38:49.000Z|2026-05-08T18:38:59.000Z|2026-05-08T18:40:55.000Z|2026-05-08T18:41:08.000Z|2026-05-08T18:41:13.000Z|2026-05-08T18:41:16.000Z,2026-05-08T18:36:50.000Z|2026-05-08T18:41:26.000Z,2026-05-08T18:37:00.000Z|2026-05-08T18:41:30.000Z,2026-05-08T18:37:24.000Z|2026-05-08T18:38:13.000Z|2026-05-08T18:40:21.000Z|2026-05-08T18:42:10.000Z,2026-05-08T18:37:30.000Z|2026-05-08T18:38:19.000Z|2026-05-08T18:40:27.000Z|2026-05-08T18:42:15.000Z,2026-05-08T18:37:30.000Z|2026-05-08T18:38:19.000Z|2026-05-08T18:40:27.000Z|2026-05-08T18:42:16.000Z,2026-05-08T18:37:32.000Z|2026-05-08T18:38:25.000Z|2026-05-08T18:40:31.000Z|2026-05-08T18:42:20.000Z,2026-05-08T18:38:28.000Z|2026-05-08T18:40:34.000Z|2026-05-08T18:42:22.000Z,2026-05-08T18:38:35.000Z|2026-05-08T18:40:41.000Z|2026-05-08T18:42:28.000Z
20260508-144228,2,optimized-mining-workbench-travel-time,stopped_f4,f4,bot-stopped,2026-05-08T18:42:28.871Z,2026-05-08T18:43:01.857Z,32986,null,null,null,null,null,null,null,null,null,0,0,0,0,0,0,0,0,0,0,0,0,0,null,null,null,0,0,0,null,null,0,0,1,null,null,null,null,null,null,null,null,null,null,null,null,null,null
20260508-144430,1,optimized-mining-workbench-travel-time,stopped_f4,f4,bot-stopped,2026-05-08T18:44:30.741Z,2026-05-08T18:45:50.786Z,80045,null,null,null,null,null,small|medium|large|giant,4,null,null,0,0,0,0,0,0,0,0,0,0,0,0,0,null,null,null,0,0,0,null,null,0,0,0,workbench:6,null,null,null,null,null,null,null,null,null,null,null,null,null
20260508-144714,1,optimized-mining-workbench-travel-time,clean_complete,bot,gotr-round-restart,2026-05-08T18:47:14.740Z,2026-05-08T18:56:19.134Z,544394,2026-05-08T18:47:45.000Z,2026-05-08T18:50:36.000Z,2026-05-08T18:52:44.000Z,2026-05-08T18:55:19.000Z,2026-05-08T18:56:19.000Z,small|medium|large|giant,4,null,null,3,4,3,66,69,20,21,3,3,4,4,9,2,160134,23000,54000,4,0,2200,19,19800,0,3,4,altar:6|guardian:3|salmonPortal:4,2026-05-08T18:51:42.000Z|2026-05-08T18:53:32.000Z,2026-05-08T18:52:12.000Z|2026-05-08T18:53:56.000Z,2026-05-08T18:50:15.000Z|2026-05-08T18:50:23.000Z|2026-05-08T18:50:27.000Z|2026-05-08T18:51:48.000Z|2026-05-08T18:51:55.000Z|2026-05-08T18:51:59.000Z|2026-05-08T18:52:02.000Z|2026-05-08T18:53:35.000Z|2026-05-08T18:53:42.000Z|2026-05-08T18:53:46.000Z|2026-05-08T18:54:58.000Z|2026-05-08T18:55:03.000Z|2026-05-08T18:55:06.000Z|2026-05-08T18:55:10.000Z,2026-05-08T18:49:16.000Z|2026-05-08T18:49:27.000Z|2026-05-08T18:49:40.000Z|2026-05-08T18:52:34.000Z|2026-05-08T18:54:17.000Z|2026-05-08T18:54:32.000Z|2026-05-08T18:54:45.000Z,2026-05-08T18:49:23.000Z|2026-05-08T18:49:39.000Z|2026-05-08T18:49:52.000Z|2026-05-08T18:52:44.000Z|2026-05-08T18:54:30.000Z|2026-05-08T18:54:44.000Z|null,2026-05-08T18:50:43.000Z|2026-05-08T18:52:56.000Z|2026-05-08T18:55:28.000Z,2026-05-08T18:50:53.000Z|2026-05-08T18:53:00.000Z|2026-05-08T18:55:37.000Z,2026-05-08T18:51:19.000Z|2026-05-08T18:52:12.000Z|2026-05-08T18:53:57.000Z|2026-05-08T18:56:06.000Z,2026-05-08T18:51:24.000Z|2026-05-08T18:52:19.000Z|2026-05-08T18:54:02.000Z,2026-05-08T18:51:24.000Z|2026-05-08T18:52:19.000Z|2026-05-08T18:54:02.000Z|2026-05-08T18:56:10.000Z,2026-05-08T18:51:28.000Z|2026-05-08T18:52:23.000Z|2026-05-08T18:54:06.000Z|2026-05-08T18:56:14.000Z,2026-05-08T18:52:26.000Z|2026-05-08T18:54:11.000Z,2026-05-08T18:52:34.000Z|2026-05-08T18:54:17.000Z|2026-05-08T18:56:19.000Z
20260508-145619,2,optimized-mining-workbench-travel-time,stopped_f4,f4,bot-stopped,2026-05-08T18:56:19.143Z,2026-05-08T18:56:39.152Z,20009,null,null,null,null,null,null,null,null,null,0,0,0,0,0,0,0,0,0,0,0,0,0,null,null,null,0,0,0,null,null,0,0,1,null,null,null,null,null,null,null,null,null,null,null,null,null,null
20260508-145742,1,optimized-mining-workbench-travel-time,clean_complete,bot,gotr-round-restart,2026-05-08T18:57:42.845Z,2026-05-08T19:06:27.051Z,524206,null,2026-05-08T19:00:20.000Z,2026-05-08T19:02:19.000Z,2026-05-08T19:04:34.000Z,2026-05-08T19:06:27.000Z,small|medium|large|giant,4,null,null,3,5,3,66,69,28,29,4,3,4,4,8,26,212000,16000,48000,4,0,2200,18,19800,0,1,5,altar:6|guardian:1|salmonPortal:7,2026-05-08T19:02:55.000Z|2026-05-08T19:05:45.000Z,2026-05-08T19:03:19.000Z|2026-05-08T19:06:09.000Z,2026-05-08T18:59:58.000Z|2026-05-08T19:00:06.000Z|2026-05-08T19:00:09.000Z|2026-05-08T19:01:15.000Z|2026-05-08T19:01:20.000Z|2026-05-08T19:01:23.000Z|2026-05-08T19:01:27.000Z|2026-05-08T19:03:00.000Z|2026-05-08T19:03:07.000Z|2026-05-08T19:03:10.000Z|2026-05-08T19:05:47.000Z|2026-05-08T19:05:56.000Z|2026-05-08T19:06:00.000Z,2026-05-08T18:58:58.000Z|2026-05-08T18:59:20.000Z|2026-05-08T18:59:32.000Z|2026-05-08T19:02:11.000Z|2026-05-08T19:03:44.000Z|2026-05-08T19:03:58.000Z,2026-05-08T18:59:18.000Z|2026-05-08T18:59:31.000Z|2026-05-08T19:02:10.000Z|2026-05-08T19:02:19.000Z|2026-05-08T19:03:57.000Z|2026-05-08T19:04:00.000Z,2026-05-08T19:00:27.000Z|2026-05-08T19:02:30.000Z|2026-05-08T19:04:51.000Z,2026-05-08T19:00:36.000Z|2026-05-08T19:02:33.000Z|2026-05-08T19:04:55.000Z,2026-05-08T19:00:57.000Z|2026-05-08T19:01:35.000Z|2026-05-08T19:03:20.000Z|2026-05-08T19:03:26.000Z|2026-05-08T19:06:09.000Z,2026-05-08T19:00:59.000Z|2026-05-08T19:01:40.000Z|2026-05-08T19:03:29.000Z,2026-05-08T19:00:59.000Z|2026-05-08T19:01:40.000Z|2026-05-08T19:03:29.000Z|2026-05-08T19:06:16.000Z,2026-05-08T19:01:05.000Z|2026-05-08T19:01:46.000Z|2026-05-08T19:03:33.000Z|2026-05-08T19:06:18.000Z,2026-05-08T19:01:49.000Z|2026-05-08T19:03:36.000Z|2026-05-08T19:06:21.000Z,2026-05-08T19:01:56.000Z|2026-05-08T19:03:44.000Z|2026-05-08T19:06:27.000Z
20260508-150627,2,optimized-mining-workbench-travel-time,stopped_f4,f4,bot-stopped,2026-05-08T19:06:27.052Z,2026-05-08T19:15:13.604Z,526552,2026-05-08T19:07:02.000Z,2026-05-08T19:09:40.000Z,2026-05-08T19:14:15.000Z,null,null,null,null,null,null,3,3,3,65,68,0,0,1,1,3,3,13,60,141000,9000,24000,3,2,4500,18,19800,0,0,10,altar:2|redPortal:2|salmonPortal:9,2026-05-08T19:10:42.000Z,2026-05-08T19:11:06.000Z,2026-05-08T19:09:19.000Z|2026-05-08T19:09:24.000Z|2026-05-08T19:09:28.000Z|2026-05-08T19:10:44.000Z|2026-05-08T19:10:49.000Z|2026-05-08T19:10:53.000Z|2026-05-08T19:10:57.000Z|2026-05-08T19:12:04.000Z|2026-05-08T19:12:10.000Z|2026-05-08T19:12:14.000Z|2026-05-08T19:12:18.000Z,2026-05-08T19:08:33.000Z|2026-05-08T19:08:54.000Z|2026-05-08T19:11:26.000Z|2026-05-08T19:11:40.000Z|2026-05-08T19:11:52.000Z|2026-05-08T19:13:07.000Z|2026-05-08T19:13:18.000Z|2026-05-08T19:14:45.000Z|2026-05-08T19:14:47.000Z,2026-05-08T19:08:52.000Z|2026-05-08T19:09:05.000Z|2026-05-08T19:11:39.000Z|2026-05-08T19:11:51.000Z|2026-05-08T19:13:05.000Z|2026-05-08T19:13:16.000Z|2026-05-08T19:13:20.000Z|2026-05-08T19:14:46.000Z|2026-05-08T19:14:49.000Z,2026-05-08T19:09:53.000Z,2026-05-08T19:10:02.000Z,2026-05-08T19:09:37.000Z|2026-05-08T19:11:06.000Z|2026-05-08T19:12:31.000Z,2026-05-08T19:09:41.000Z|2026-05-08T19:11:12.000Z|2026-05-08T19:12:36.000Z,2026-05-08T19:10:30.000Z|2026-05-08T19:11:12.000Z|2026-05-08T19:12:37.000Z,2026-05-08T19:10:33.000Z|2026-05-08T19:11:15.000Z|2026-05-08T19:12:41.000Z,2026-05-08T19:11:18.000Z|2026-05-08T19:12:44.000Z,2026-05-08T19:11:25.000Z|2026-05-08T19:12:51.000Z
20260508-151652,1,optimized-mining-workbench-travel-time,stopped_f4,f4,bot-stopped,2026-05-08T19:16:52.643Z,2026-05-08T19:23:42.189Z,409546,null,2026-05-08T19:19:35.000Z,2026-05-08T19:21:36.000Z,null,null,small|medium|large|giant,4,null,null,2,2,2,47,49,26,27,2,1,3,2,6,0,326189,10000,25000,3,0,1700,15,19800,0,1,5,altar:2|chargedCellDeposit:4|guardian:1|salmonPortal:2,2026-05-08T19:19:10.000Z,2026-05-08T19:19:35.000Z,2026-05-08T19:19:12.000Z|2026-05-08T19:19:22.000Z|2026-05-08T19:19:26.000Z|2026-05-08T19:20:56.000Z|2026-05-08T19:21:08.000Z|2026-05-08T19:21:12.000Z|2026-05-08T19:21:15.000Z|2026-05-08T19:23:13.000Z|2026-05-08T19:23:23.000Z|2026-05-08T19:23:27.000Z,2026-05-08T19:18:10.000Z|2026-05-08T19:18:32.000Z|2026-05-08T19:18:45.000Z|2026-05-08T19:20:29.000Z|2026-05-08T19:20:42.000Z,2026-05-08T19:18:30.000Z|2026-05-08T19:18:44.000Z|2026-05-08T19:20:27.000Z|2026-05-08T19:20:41.000Z|null,2026-05-08T19:21:47.000Z,2026-05-08T19:21:57.000Z,2026-05-08T19:19:46.000Z|2026-05-08T19:21:32.000Z,2026-05-08T19:19:54.000Z|2026-05-08T19:21:37.000Z,2026-05-08T19:19:54.000Z|2026-05-08T19:22:25.000Z|2026-05-08T19:22:47.000Z,2026-05-08T19:19:59.000Z|2026-05-08T19:22:50.000Z,2026-05-08T19:20:04.000Z,2026-05-08T19:20:12.000Z
20260508-152621,1,optimized-mining-workbench-travel-time,clean_complete,bot,gotr-round-restart,2026-05-08T19:26:21.915Z,2026-05-08T19:34:44.719Z,502804,null,2026-05-08T19:29:10.000Z,2026-05-08T19:31:16.000Z,null,2026-05-08T19:34:44.000Z,small|medium|large|giant,4,null,null,4,4,4,84,88,0,0,2,2,4,4,7,0,302719,14000,null,4,0,2400,19,19900,0,3,6,guardian:3|salmonPortal:4,null,null,2026-05-08T19:28:50.000Z|2026-05-08T19:28:55.000Z|2026-05-08T19:28:59.000Z|2026-05-08T19:29:02.000Z|2026-05-08T19:30:21.000Z|2026-05-08T19:30:30.000Z|2026-05-08T19:30:33.000Z|2026-05-08T19:30:37.000Z|2026-05-08T19:32:16.000Z|2026-05-08T19:32:21.000Z|2026-05-08T19:32:25.000Z|2026-05-08T19:32:29.000Z|2026-05-08T19:33:51.000Z|2026-05-08T19:34:03.000Z|2026-05-08T19:34:06.000Z,2026-05-08T19:27:53.000Z|2026-05-08T19:28:15.000Z|2026-05-08T19:28:27.000Z|2026-05-08T19:32:58.000Z|2026-05-08T19:33:14.000Z|2026-05-08T19:33:26.000Z,2026-05-08T19:28:12.000Z|2026-05-08T19:28:26.000Z|2026-05-08T19:31:16.000Z|2026-05-08T19:33:12.000Z|2026-05-08T19:33:25.000Z|null,2026-05-08T19:29:20.000Z|2026-05-08T19:31:27.000Z,2026-05-08T19:29:30.000Z|2026-05-08T19:31:31.000Z,2026-05-08T19:29:59.000Z|2026-05-08T19:30:46.000Z|2026-05-08T19:32:37.000Z|2026-05-08T19:34:22.000Z,2026-05-08T19:30:05.000Z|2026-05-08T19:30:53.000Z|2026-05-08T19:32:45.000Z|2026-05-08T19:34:29.000Z,2026-05-08T19:30:05.000Z|2026-05-08T19:30:53.000Z|2026-05-08T19:32:45.000Z|2026-05-08T19:34:29.000Z,2026-05-08T19:30:09.000Z|2026-05-08T19:30:58.000Z|2026-05-08T19:32:48.000Z|2026-05-08T19:34:34.000Z,2026-05-08T19:31:01.000Z|2026-05-08T19:32:51.000Z|2026-05-08T19:34:38.000Z,2026-05-08T19:31:08.000Z|2026-05-08T19:32:58.000Z|2026-05-08T19:34:44.000Z
20260508-153608,1,optimized-mining-workbench-travel-time,clean_complete,bot,gotr-round-restart,2026-05-08T19:36:08.509Z,2026-05-08T19:44:40.838Z,512329,null,2026-05-08T19:38:52.000Z,2026-05-08T19:41:00.000Z,2026-05-08T19:43:41.000Z,2026-05-08T19:44:40.000Z,small|medium|large|giant,4,null,null,4,4,4,93,97,0,0,3,3,4,4,8,1,326838,24000,null,4,0,2400,19,19800,0,3,5,guardian:3|salmonPortal:5,null,null,2026-05-08T19:38:35.000Z|2026-05-08T19:38:41.000Z|2026-05-08T19:38:45.000Z|2026-05-08T19:40:00.000Z|2026-05-08T19:40:09.000Z|2026-05-08T19:40:13.000Z|2026-05-08T19:40:16.000Z|2026-05-08T19:41:55.000Z|2026-05-08T19:42:00.000Z|2026-05-08T19:42:03.000Z|2026-05-08T19:43:20.000Z|2026-05-08T19:43:28.000Z|2026-05-08T19:43:32.000Z,2026-05-08T19:37:35.000Z|2026-05-08T19:37:57.000Z|2026-05-08T19:38:09.000Z|2026-05-08T19:38:13.000Z|2026-05-08T19:42:32.000Z|2026-05-08T19:42:48.000Z|2026-05-08T19:43:00.000Z,2026-05-08T19:37:55.000Z|2026-05-08T19:38:08.000Z|2026-05-08T19:38:12.000Z|2026-05-08T19:41:00.000Z|2026-05-08T19:42:46.000Z|2026-05-08T19:42:59.000Z|null,2026-05-08T19:39:03.000Z|2026-05-08T19:41:12.000Z|2026-05-08T19:43:51.000Z,2026-05-08T19:39:12.000Z|2026-05-08T19:41:16.000Z|2026-05-08T19:44:02.000Z,2026-05-08T19:39:39.000Z|2026-05-08T19:40:26.000Z|2026-05-08T19:42:10.000Z|2026-05-08T19:44:26.000Z,2026-05-08T19:39:44.000Z|2026-05-08T19:40:32.000Z|2026-05-08T19:42:16.000Z|2026-05-08T19:44:29.000Z,2026-05-08T19:39:44.000Z|2026-05-08T19:40:32.000Z|2026-05-08T19:42:17.000Z|2026-05-08T19:44:29.000Z,2026-05-08T19:39:48.000Z|2026-05-08T19:40:36.000Z|2026-05-08T19:42:21.000Z|2026-05-08T19:44:32.000Z,2026-05-08T19:40:40.000Z|2026-05-08T19:42:24.000Z|2026-05-08T19:44:35.000Z,2026-05-08T19:40:46.000Z|2026-05-08T19:42:32.000Z|2026-05-08T19:44:40.000Z
20260508-154440,2,optimized-mining-workbench-travel-time,stopped_f4,f4,bot-stopped,2026-05-08T19:44:40.840Z,2026-05-08T19:44:42.488Z,1648,null,null,null,null,null,null,null,null,null,0,0,0,0,0,0,0,0,0,0,0,0,0,null,null,null,0,0,0,null,null,0,0,1,null,null,null,null,null,null,null,null,null,null,null,null,null,null
20260508-154556,1,optimized-mining-workbench-travel-time,stopped_f4,f4,bot-stopped,2026-05-08T19:45:56.185Z,2026-05-08T19:54:28.187Z,512002,null,2026-05-08T19:48:48.000Z,2026-05-08T19:50:52.000Z,2026-05-08T19:53:34.000Z,null,small|medium|large|giant,4,null,null,4,4,4,92,96,0,0,2,1,4,4,13,8,338000,11000,34000,5,1,4500,19,19800,0,1,7,altar:2|guardian:1|redPortal:1|salmonPortal:3,2026-05-08T19:51:48.000Z,2026-05-08T19:52:22.000Z,2026-05-08T19:48:28.000Z|2026-05-08T19:48:33.000Z|2026-05-08T19:48:38.000Z|2026-05-08T19:50:06.000Z|2026-05-08T19:50:11.000Z|2026-05-08T19:50:15.000Z|2026-05-08T19:51:50.000Z|2026-05-08T19:52:02.000Z|2026-05-08T19:52:06.000Z|2026-05-08T19:53:21.000Z|2026-05-08T19:53:26.000Z|2026-05-08T19:54:20.000Z,2026-05-08T19:47:24.000Z|2026-05-08T19:47:46.000Z|2026-05-08T19:47:59.000Z|2026-05-08T19:49:40.000Z|2026-05-08T19:49:52.000Z|2026-05-08T19:52:58.000Z|2026-05-08T19:53:05.000Z|2026-05-08T19:54:01.000Z|2026-05-08T19:54:05.000Z,2026-05-08T19:47:44.000Z|2026-05-08T19:47:58.000Z|2026-05-08T19:49:38.000Z|2026-05-08T19:49:51.000Z|2026-05-08T19:52:56.000Z|2026-05-08T19:53:04.000Z|2026-05-08T19:53:07.000Z|2026-05-08T19:54:03.000Z|2026-05-08T19:54:07.000Z,2026-05-08T19:51:03.000Z,2026-05-08T19:51:14.000Z,2026-05-08T19:49:02.000Z|2026-05-08T19:50:22.000Z|2026-05-08T19:52:23.000Z|2026-05-08T19:53:39.000Z,2026-05-08T19:49:08.000Z|2026-05-08T19:50:29.000Z|2026-05-08T19:52:28.000Z|2026-05-08T19:53:44.000Z,2026-05-08T19:49:08.000Z|2026-05-08T19:50:29.000Z|2026-05-08T19:52:28.000Z|2026-05-08T19:53:45.000Z,2026-05-08T19:49:13.000Z|2026-05-08T19:50:33.000Z|2026-05-08T19:52:32.000Z|2026-05-08T19:53:49.000Z,2026-05-08T19:49:16.000Z|2026-05-08T19:50:36.000Z|2026-05-08T19:52:35.000Z|2026-05-08T19:53:52.000Z,2026-05-08T19:49:24.000Z|2026-05-08T19:50:43.000Z|2026-05-08T19:50:46.000Z|2026-05-08T19:50:52.000Z|2026-05-08T19:52:42.000Z|2026-05-08T19:54:00.000Z
20260508-155459,1,optimized-mining-workbench-travel-time,clean_complete,bot,gotr-round-restart,2026-05-08T19:54:59.751Z,2026-05-08T20:04:25.865Z,566114,2026-05-08T19:55:38.000Z,2026-05-08T19:58:12.000Z,2026-05-08T20:00:33.000Z,2026-05-08T20:02:53.000Z,2026-05-08T20:04:25.000Z,small|medium|large|giant,4,null,null,4,5,4,87,91,24,25,3,3,5,5,9,1,342865,25000,45000,5,0,2900,18,19800,0,2,3,altar:5|guardian:2|salmonPortal:4,2026-05-08T19:59:24.000Z|2026-05-08T20:03:48.000Z,2026-05-08T19:59:49.000Z|2026-05-08T20:04:08.000Z,2026-05-08T19:57:55.000Z|2026-05-08T19:58:00.000Z|2026-05-08T19:58:03.000Z|2026-05-08T19:59:30.000Z|2026-05-08T19:59:37.000Z|2026-05-08T19:59:41.000Z|2026-05-08T20:01:09.000Z|2026-05-08T20:01:14.000Z|2026-05-08T20:01:18.000Z|2026-05-08T20:02:27.000Z|2026-05-08T20:02:32.000Z|2026-05-08T20:02:36.000Z|2026-05-08T20:03:49.000Z|2026-05-08T20:03:55.000Z|2026-05-08T20:03:59.000Z,2026-05-08T19:57:07.000Z|2026-05-08T19:57:29.000Z|2026-05-08T19:57:41.000Z|2026-05-08T20:00:28.000Z|2026-05-08T20:01:47.000Z|2026-05-08T20:02:02.000Z|2026-05-08T20:02:13.000Z,2026-05-08T19:57:27.000Z|2026-05-08T19:57:40.000Z|2026-05-08T20:00:13.000Z|2026-05-08T20:00:33.000Z|2026-05-08T20:01:59.000Z|2026-05-08T20:02:12.000Z|null,2026-05-08T19:58:24.000Z|2026-05-08T20:00:42.000Z|2026-05-08T20:03:02.000Z,2026-05-08T19:58:33.000Z|2026-05-08T20:00:48.000Z|2026-05-08T20:03:12.000Z,2026-05-08T19:59:02.000Z|2026-05-08T19:59:49.000Z|2026-05-08T20:01:26.000Z|2026-05-08T20:02:44.000Z|2026-05-08T20:04:08.000Z,2026-05-08T19:59:06.000Z|2026-05-08T19:59:55.000Z|2026-05-08T20:01:32.000Z|2026-05-08T20:02:51.000Z,2026-05-08T19:59:06.000Z|2026-05-08T19:59:55.000Z|2026-05-08T20:01:32.000Z|2026-05-08T20:02:51.000Z|2026-05-08T20:04:14.000Z,2026-05-08T19:59:11.000Z|2026-05-08T19:59:59.000Z|2026-05-08T20:01:36.000Z|2026-05-08T20:02:53.000Z|2026-05-08T20:04:17.000Z,2026-05-08T20:00:02.000Z|2026-05-08T20:01:39.000Z|2026-05-08T20:04:19.000Z,2026-05-08T20:00:10.000Z|2026-05-08T20:01:46.000Z|2026-05-08T20:04:25.000Z
20260508-160425,2,optimized-mining-workbench-travel-time,stopped_f4,f4,bot-stopped,2026-05-08T20:04:25.868Z,2026-05-08T20:04:33.353Z,7485,null,null,null,null,null,null,null,null,null,0,0,0,0,0,0,0,0,0,0,0,0,0,null,null,null,0,0,0,null,null,0,0,1,null,null,null,null,null,null,null,null,null,null,null,null,null,null
20260508-160512,1,optimized-mining-workbench-travel-time,clean_complete,bot,gotr-round-restart,2026-05-08T20:05:12.377Z,2026-05-08T20:14:12.241Z,539864,null,2026-05-08T20:08:02.000Z,2026-05-08T20:10:11.000Z,2026-05-08T20:12:31.000Z,2026-05-08T20:14:12.000Z,small|medium|large|giant,4,null,null,4,5,4,90,94,26,27,3,2,5,5,12,6,319000,21000,47000,5,3,7000,19,19800,0,1,7,altar:7|guardian:1|redPortal:3|salmonPortal:5,2026-05-08T20:07:34.000Z|2026-05-08T20:13:35.000Z,2026-05-08T20:08:02.000Z|2026-05-08T20:13:54.000Z,2026-05-08T20:07:39.000Z|2026-05-08T20:07:47.000Z|2026-05-08T20:07:51.000Z|2026-05-08T20:09:19.000Z|2026-05-08T20:09:26.000Z|2026-05-08T20:09:30.000Z|2026-05-08T20:11:00.000Z|2026-05-08T20:11:05.000Z|2026-05-08T20:11:09.000Z|2026-05-08T20:12:17.000Z|2026-05-08T20:12:23.000Z|2026-05-08T20:13:38.000Z|2026-05-08T20:13:43.000Z|2026-05-08T20:13:47.000Z,2026-05-08T20:06:38.000Z|2026-05-08T20:06:50.000Z|2026-05-08T20:07:05.000Z|2026-05-08T20:07:17.000Z|2026-05-08T20:08:55.000Z|2026-05-08T20:09:07.000Z|2026-05-08T20:11:55.000Z|2026-05-08T20:12:07.000Z|2026-05-08T20:12:09.000Z,2026-05-08T20:06:45.000Z|2026-05-08T20:07:03.000Z|2026-05-08T20:07:16.000Z|2026-05-08T20:08:53.000Z|2026-05-08T20:09:06.000Z|2026-05-08T20:11:54.000Z|2026-05-08T20:12:06.000Z|2026-05-08T20:12:08.000Z|2026-05-08T20:12:11.000Z,2026-05-08T20:10:22.000Z|2026-05-08T20:12:45.000Z,2026-05-08T20:10:33.000Z|2026-05-08T20:12:55.000Z,2026-05-08T20:08:18.000Z|2026-05-08T20:09:43.000Z|2026-05-08T20:11:18.000Z|2026-05-08T20:12:30.000Z|2026-05-08T20:13:54.000Z,2026-05-08T20:08:23.000Z|2026-05-08T20:09:50.000Z|2026-05-08T20:11:25.000Z|2026-05-08T20:12:34.000Z,2026-05-08T20:08:23.000Z|2026-05-08T20:09:50.000Z|2026-05-08T20:11:25.000Z|2026-05-08T20:13:21.000Z|2026-05-08T20:14:00.000Z,2026-05-08T20:08:29.000Z|2026-05-08T20:09:55.000Z|2026-05-08T20:11:30.000Z|2026-05-08T20:13:25.000Z|2026-05-08T20:14:03.000Z,2026-05-08T20:08:32.000Z|2026-05-08T20:09:57.000Z|2026-05-08T20:11:34.000Z|2026-05-08T20:14:06.000Z,2026-05-08T20:08:39.000Z|2026-05-08T20:10:03.000Z|2026-05-08T20:10:08.000Z|2026-05-08T20:10:11.000Z|2026-05-08T20:11:40.000Z|2026-05-08T20:14:12.000Z
20260508-161412,2,optimized-mining-workbench-travel-time,stopped_f4,f4,bot-stopped,2026-05-08T20:14:12.253Z,2026-05-08T20:14:16.235Z,3982,null,null,null,null,null,null,null,null,null,0,0,0,0,0,0,0,0,0,0,0,0,0,null,null,null,0,0,0,null,null,0,0,1,null,null,null,null,null,null,null,null,null,null,null,null,null,null
20260508-161504,1,optimized-mining-workbench-travel-time,stopped_f4,f4,bot-stopped,2026-05-08T20:15:04.518Z,2026-05-08T20:24:18.430Z,553912,null,2026-05-08T20:17:31.000Z,2026-05-08T20:19:50.000Z,2026-05-08T20:22:10.000Z,null,small|medium|large|giant,4,null,null,4,5,4,89,93,28,29,2,2,5,5,10,4,281000,20000,111000,5,5,9400,18,19800,0,1,8,altar:16|guardian:1|redPortal:5|salmonPortal:2,2026-05-08T20:18:29.000Z|2026-05-08T20:20:04.000Z|2026-05-08T20:21:31.000Z|2026-05-08T20:23:35.000Z,2026-05-08T20:18:56.000Z|2026-05-08T20:20:29.000Z|2026-05-08T20:21:57.000Z|2026-05-08T20:24:08.000Z,2026-05-08T20:17:13.000Z|2026-05-08T20:17:18.000Z|2026-05-08T20:17:22.000Z|2026-05-08T20:18:33.000Z|2026-05-08T20:18:41.000Z|2026-05-08T20:18:45.000Z|2026-05-08T20:20:09.000Z|2026-05-08T20:20:16.000Z|2026-05-08T20:20:20.000Z|2026-05-08T20:21:40.000Z|2026-05-08T20:21:48.000Z|2026-05-08T20:23:38.000Z|2026-05-08T20:23:46.000Z|2026-05-08T20:23:51.000Z,2026-05-08T20:16:25.000Z|2026-05-08T20:16:47.000Z|2026-05-08T20:16:59.000Z|2026-05-08T20:19:33.000Z|2026-05-08T20:19:45.000Z|2026-05-08T20:21:07.000Z|2026-05-08T20:21:16.000Z,2026-05-08T20:16:45.000Z|2026-05-08T20:16:58.000Z|2026-05-08T20:19:31.000Z|2026-05-08T20:19:44.000Z|2026-05-08T20:21:05.000Z|2026-05-08T20:21:13.000Z|2026-05-08T20:21:17.000Z,2026-05-08T20:17:37.000Z|2026-05-08T20:22:28.000Z,2026-05-08T20:17:46.000Z|2026-05-08T20:22:39.000Z,2026-05-08T20:18:14.000Z|2026-05-08T20:18:56.000Z|2026-05-08T20:20:30.000Z|2026-05-08T20:21:57.000Z|2026-05-08T20:24:09.000Z,2026-05-08T20:18:17.000Z|2026-05-08T20:19:02.000Z|2026-05-08T20:20:36.000Z|2026-05-08T20:22:04.000Z,2026-05-08T20:18:17.000Z|2026-05-08T20:19:02.000Z|2026-05-08T20:20:36.000Z|2026-05-08T20:22:04.000Z|2026-05-08T20:24:14.000Z,2026-05-08T20:18:21.000Z|2026-05-08T20:19:07.000Z|2026-05-08T20:20:42.000Z|2026-05-08T20:22:08.000Z|2026-05-08T20:24:17.000Z,2026-05-08T20:19:11.000Z|2026-05-08T20:20:45.000Z|2026-05-08T20:22:11.000Z,2026-05-08T20:19:16.000Z|2026-05-08T20:20:52.000Z|2026-05-08T20:22:16.000Z
20260508-163259,1,optimized-mining-workbench-travel-time,clean_complete,bot,gotr-round-restart,2026-05-08T20:32:59.083Z,2026-05-08T20:43:07.620Z,608537,2026-05-08T20:34:01.000Z,2026-05-08T20:36:36.000Z,2026-05-08T20:38:57.000Z,2026-05-08T20:41:24.000Z,2026-05-08T20:43:07.000Z,small|medium|large|giant,4,null,null,4,5,4,95,99,23,24,5,3,5,5,8,0,359620,27000,30000,5,0,2900,20,19800,0,2,5,altar:6|guardian:2|salmonPortal:8,2026-05-08T20:37:50.000Z,2026-05-08T20:38:20.000Z,2026-05-08T20:36:19.000Z|2026-05-08T20:36:23.000Z|2026-05-08T20:36:27.000Z|2026-05-08T20:38:00.000Z|2026-05-08T20:38:07.000Z|2026-05-08T20:38:11.000Z|2026-05-08T20:39:44.000Z|2026-05-08T20:39:50.000Z|2026-05-08T20:39:54.000Z|2026-05-08T20:41:08.000Z|2026-05-08T20:41:12.000Z|2026-05-08T20:41:16.000Z|2026-05-08T20:42:33.000Z|2026-05-08T20:42:38.000Z|2026-05-08T20:42:42.000Z,2026-05-08T20:35:31.000Z|2026-05-08T20:35:53.000Z|2026-05-08T20:36:05.000Z|2026-05-08T20:38:56.000Z|2026-05-08T20:40:27.000Z|2026-05-08T20:40:41.000Z|2026-05-08T20:40:53.000Z,2026-05-08T20:35:51.000Z|2026-05-08T20:36:04.000Z|2026-05-08T20:38:54.000Z|2026-05-08T20:38:58.000Z|2026-05-08T20:40:39.000Z|2026-05-08T20:40:52.000Z|null,2026-05-08T20:36:50.000Z|2026-05-08T20:39:18.000Z|2026-05-08T20:41:34.000Z,2026-05-08T20:37:02.000Z|2026-05-08T20:39:24.000Z|2026-05-08T20:41:43.000Z,2026-05-08T20:37:27.000Z|2026-05-08T20:38:20.000Z|2026-05-08T20:40:02.000Z|2026-05-08T20:42:03.000Z|2026-05-08T20:42:49.000Z,2026-05-08T20:37:33.000Z|2026-05-08T20:38:26.000Z|2026-05-08T20:40:09.000Z|2026-05-08T20:42:08.000Z,2026-05-08T20:37:33.000Z|2026-05-08T20:38:26.000Z|2026-05-08T20:40:09.000Z|2026-05-08T20:42:08.000Z|2026-05-08T20:42:56.000Z,2026-05-08T20:37:38.000Z|2026-05-08T20:38:30.000Z|2026-05-08T20:40:14.000Z|2026-05-08T20:42:12.000Z|2026-05-08T20:42:59.000Z,2026-05-08T20:38:33.000Z|2026-05-08T20:40:19.000Z|2026-05-08T20:43:01.000Z,2026-05-08T20:38:40.000Z|2026-05-08T20:40:26.000Z|2026-05-08T20:43:07.000Z
20260508-164307,2,optimized-mining-workbench-travel-time,stopped_f4,f4,bot-stopped,2026-05-08T20:43:07.624Z,2026-05-08T20:43:33.221Z,25597,null,null,null,null,null,null,null,null,null,0,0,0,0,0,0,0,0,0,0,0,0,0,null,null,null,0,0,0,null,null,0,0,1,null,null,null,null,null,null,null,null,null,null,null,null,null,null
20260508-164401,1,optimized-mining-workbench-travel-time,stopped_f4,f4,bot-stopped,2026-05-08T20:44:01.866Z,2026-05-08T20:51:36.288Z,454422,null,2026-05-08T20:46:47.000Z,2026-05-08T20:48:42.000Z,2026-05-08T20:51:00.000Z,null,small|medium|large|giant,4,null,null,3,4,3,77,80,0,0,2,1,3,3,14,20,173000,11000,27000,3,0,1700,17,19800,0,8,10,altar:6|guardian:8|runeDeposit:1|salmonPortal:2,2026-05-08T20:46:19.000Z,2026-05-08T20:46:46.000Z,2026-05-08T20:46:27.000Z|2026-05-08T20:46:34.000Z|2026-05-08T20:46:37.000Z|2026-05-08T20:48:11.000Z|2026-05-08T20:48:16.000Z|2026-05-08T20:48:20.000Z|2026-05-08T20:49:53.000Z|2026-05-08T20:50:01.000Z|2026-05-08T20:50:05.000Z,2026-05-08T20:45:17.000Z|2026-05-08T20:45:38.000Z|2026-05-08T20:47:16.000Z|2026-05-08T20:47:32.000Z|2026-05-08T20:47:44.000Z|2026-05-08T20:49:23.000Z|2026-05-08T20:49:42.000Z|2026-05-08T20:49:44.000Z|2026-05-08T20:50:35.000Z|2026-05-08T20:50:40.000Z,2026-05-08T20:45:36.000Z|2026-05-08T20:45:49.000Z|2026-05-08T20:47:30.000Z|2026-05-08T20:47:43.000Z|2026-05-08T20:49:22.000Z|2026-05-08T20:49:35.000Z|2026-05-08T20:49:43.000Z|2026-05-08T20:49:46.000Z|2026-05-08T20:50:38.000Z|2026-05-08T20:50:42.000Z,2026-05-08T20:51:07.000Z,2026-05-08T20:51:18.000Z,2026-05-08T20:46:51.000Z|2026-05-08T20:46:58.000Z|2026-05-08T20:48:30.000Z|2026-05-08T20:50:14.000Z,2026-05-08T20:47:01.000Z|2026-05-08T20:48:36.000Z|2026-05-08T20:50:19.000Z,2026-05-08T20:47:01.000Z|2026-05-08T20:48:36.000Z|2026-05-08T20:50:19.000Z,2026-05-08T20:47:06.000Z|2026-05-08T20:48:39.000Z|2026-05-08T20:50:23.000Z,2026-05-08T20:47:09.000Z|2026-05-08T20:48:43.000Z|2026-05-08T20:50:26.000Z,2026-05-08T20:47:16.000Z|2026-05-08T20:48:48.000Z
20260508-165219,1,optimized-mining-workbench-travel-time,stopped_f4,f4,bot-stopped,2026-05-08T20:52:19.282Z,2026-05-08T21:00:05.031Z,465749,2026-05-08T20:53:16.000Z,2026-05-08T20:56:14.000Z,2026-05-08T20:58:09.000Z,null,null,small|medium|large|giant,4,null,null,3,3,3,78,81,0,0,2,1,3,3,6,0,313031,11000,49000,3,0,1800,15,19900,0,4,4,altar:8|guardian:3|runeDeposit:3|salmonPortal:1,2026-05-08T20:55:46.000Z|2026-05-08T20:59:12.000Z,2026-05-08T20:56:14.000Z|2026-05-08T20:59:33.000Z,2026-05-08T20:55:53.000Z|2026-05-08T20:56:01.000Z|2026-05-08T20:56:04.000Z|2026-05-08T20:57:33.000Z|2026-05-08T20:57:38.000Z|2026-05-08T20:57:42.000Z|2026-05-08T20:59:15.000Z|2026-05-08T20:59:20.000Z|2026-05-08T20:59:23.000Z,2026-05-08T20:54:46.000Z|2026-05-08T20:55:08.000Z|2026-05-08T20:55:20.000Z|2026-05-08T20:57:07.000Z|2026-05-08T20:57:19.000Z,2026-05-08T20:55:06.000Z|2026-05-08T20:55:19.000Z|2026-05-08T20:57:05.000Z|2026-05-08T20:57:18.000Z|null,2026-05-08T20:58:21.000Z,2026-05-08T20:58:32.000Z,2026-05-08T20:56:27.000Z|2026-05-08T20:57:52.000Z|2026-05-08T20:59:33.000Z,2026-05-08T20:56:32.000Z|2026-05-08T20:57:58.000Z|2026-05-08T20:59:40.000Z,2026-05-08T20:56:32.000Z|2026-05-08T20:57:58.000Z|2026-05-08T20:59:40.000Z,2026-05-08T20:56:36.000Z|2026-05-08T20:58:03.000Z|2026-05-08T20:59:45.000Z,2026-05-08T20:56:43.000Z|2026-05-08T20:58:07.000Z,2026-05-08T20:56:50.000Z|2026-05-08T20:58:13.000Z
20260508-172038,1,optimized-mining-workbench-travel-time,stopped_f4,f4,bot-stopped,2026-05-08T21:20:38.358Z,2026-05-08T21:25:23.053Z,284695,2026-05-08T21:22:00.000Z,null,null,null,null,small|medium|large|giant,4,null,null,0,0,0,0,0,0,0,0,0,0,0,3,0,109053,null,null,0,0,0,5,19800,0,2,2,altar:1|guardian:2,null,null,2026-05-08T21:24:25.000Z,2026-05-08T21:23:31.000Z|2026-05-08T21:23:53.000Z|2026-05-08T21:24:06.000Z,2026-05-08T21:23:51.000Z|2026-05-08T21:24:05.000Z|null,null,null,null,null,null,null,null,null
20260508-173132,1,optimized-mining-workbench-travel-time,stopped_f4,f4,bot-stopped,2026-05-08T21:31:32.364Z,2026-05-08T21:37:53.405Z,381041,null,2026-05-08T21:34:20.000Z,2026-05-08T21:36:32.000Z,null,null,small|medium|large|giant,4,null,null,1,19,1,18,19,0,0,2,2,1,1,3,0,286405,20000,18000,1,0,700,13,19900,8,2,3,altar:1|guardian:2|salmonPortal:3,2026-05-08T21:35:41.000Z,2026-05-08T21:35:59.000Z,2026-05-08T21:34:00.000Z|2026-05-08T21:34:07.000Z|2026-05-08T21:34:10.000Z|2026-05-08T21:35:42.000Z,2026-05-08T21:33:04.000Z|2026-05-08T21:33:26.000Z|2026-05-08T21:33:38.000Z,2026-05-08T21:33:24.000Z|2026-05-08T21:33:37.000Z|null,2026-05-08T21:34:31.000Z|2026-05-08T21:36:44.000Z,2026-05-08T21:34:42.000Z|2026-05-08T21:36:53.000Z,2026-05-08T21:35:14.000Z|2026-05-08T21:35:59.000Z|2026-05-08T21:36:08.000Z|2026-05-08T21:36:11.000Z|2026-05-08T21:36:16.000Z|2026-05-08T21:36:21.000Z|2026-05-08T21:36:26.000Z|2026-05-08T21:36:30.000Z|2026-05-08T21:37:01.000Z|2026-05-08T21:37:05.000Z|2026-05-08T21:37:09.000Z|2026-05-08T21:37:15.000Z|2026-05-08T21:37:19.000Z|2026-05-08T21:37:25.000Z|2026-05-08T21:37:29.000Z|2026-05-08T21:37:32.000Z|2026-05-08T21:37:37.000Z|2026-05-08T21:37:43.000Z|2026-05-08T21:37:48.000Z,2026-05-08T21:35:17.000Z,2026-05-08T21:35:17.000Z,2026-05-08T21:35:22.000Z,null,null
20260508-174115,1,optimized-mining-workbench-travel-time,clean_complete,bot,gotr-round-restart,2026-05-08T21:41:15.928Z,2026-05-08T21:49:44.585Z,508657,null,2026-05-08T21:46:14.000Z,2026-05-08T21:48:30.000Z,null,2026-05-08T21:49:44.000Z,small|medium|large|giant,4,null,null,4,4,4,82,86,0,0,2,2,4,4,9,1,169000,13000,89000,4,6,11600,19,19900,4,3,9,altar:12|chargedCellDeposit:1|guardian:3|redPortal:6|salmonPortal:1,2026-05-08T21:43:51.000Z|2026-05-08T21:45:43.000Z|2026-05-08T21:47:21.000Z,2026-05-08T21:44:24.000Z|2026-05-08T21:46:14.000Z|2026-05-08T21:47:46.000Z,2026-05-08T21:43:55.000Z|2026-05-08T21:44:03.000Z|2026-05-08T21:44:07.000Z|2026-05-08T21:45:52.000Z|2026-05-08T21:45:59.000Z|2026-05-08T21:46:03.000Z|2026-05-08T21:47:25.000Z|2026-05-08T21:47:33.000Z|2026-05-08T21:47:37.000Z|2026-05-08T21:49:10.000Z|2026-05-08T21:49:15.000Z|2026-05-08T21:49:19.000Z,2026-05-08T21:42:49.000Z|2026-05-08T21:43:10.000Z|2026-05-08T21:43:23.000Z|2026-05-08T21:45:04.000Z|2026-05-08T21:45:12.000Z|2026-05-08T21:48:08.000Z|2026-05-08T21:48:24.000Z,2026-05-08T21:43:08.000Z|2026-05-08T21:43:22.000Z|2026-05-08T21:45:03.000Z|2026-05-08T21:45:10.000Z|2026-05-08T21:45:24.000Z|2026-05-08T21:48:22.000Z|2026-05-08T21:48:30.000Z,2026-05-08T21:46:27.000Z|2026-05-08T21:48:40.000Z,2026-05-08T21:46:36.000Z|2026-05-08T21:48:44.000Z,2026-05-08T21:44:25.000Z|2026-05-08T21:47:04.000Z|2026-05-08T21:47:47.000Z|2026-05-08T21:49:27.000Z,2026-05-08T21:44:32.000Z|2026-05-08T21:47:08.000Z|2026-05-08T21:47:53.000Z|2026-05-08T21:49:32.000Z,2026-05-08T21:44:32.000Z|2026-05-08T21:47:08.000Z|2026-05-08T21:47:54.000Z|2026-05-08T21:49:32.000Z,2026-05-08T21:44:42.000Z|2026-05-08T21:47:12.000Z|2026-05-08T21:47:57.000Z|2026-05-08T21:49:36.000Z,2026-05-08T21:44:46.000Z|2026-05-08T21:48:00.000Z|2026-05-08T21:49:38.000Z,2026-05-08T21:44:53.000Z|2026-05-08T21:48:08.000Z|2026-05-08T21:49:44.000Z
20260508-175059,1,optimized-mining-workbench-travel-time,stopped_f4,f4,bot-stopped,2026-05-08T21:50:59.980Z,2026-05-08T21:59:26.773Z,506793,null,2026-05-08T21:53:40.000Z,2026-05-08T21:55:55.000Z,2026-05-08T21:58:18.000Z,null,small|medium|large|giant,4,null,null,3,3,3,52,55,18,19,4,3,3,3,5,2,411773,31000,84000,4,2,7000,18,19800,5,0,5,altar:14|redPortal:2|salmonPortal:7,2026-05-08T21:55:07.000Z|2026-05-08T21:57:07.000Z,2026-05-08T21:55:49.000Z|2026-05-08T21:57:49.000Z,2026-05-08T21:53:23.000Z|2026-05-08T21:53:28.000Z|2026-05-08T21:53:32.000Z|2026-05-08T21:55:20.000Z|2026-05-08T21:55:30.000Z|2026-05-08T21:55:34.000Z|2026-05-08T21:57:21.000Z|2026-05-08T21:57:31.000Z|2026-05-08T21:57:35.000Z|2026-05-08T21:59:09.000Z|2026-05-08T21:59:15.000Z|2026-05-08T21:59:19.000Z,2026-05-08T21:52:29.000Z|2026-05-08T21:52:37.000Z|2026-05-08T21:52:41.000Z|2026-05-08T21:52:55.000Z|2026-05-08T21:53:07.000Z,2026-05-08T21:52:36.000Z|2026-05-08T21:52:40.000Z|2026-05-08T21:52:52.000Z|2026-05-08T21:53:06.000Z|null,2026-05-08T21:54:00.000Z|2026-05-08T21:56:13.000Z|2026-05-08T21:58:26.000Z,2026-05-08T21:54:09.000Z|2026-05-08T21:56:23.000Z|2026-05-08T21:58:38.000Z,2026-05-08T21:54:41.000Z|2026-05-08T21:55:50.000Z|2026-05-08T21:57:49.000Z,2026-05-08T21:54:47.000Z|2026-05-08T21:55:56.000Z|2026-05-08T21:57:57.000Z,2026-05-08T21:54:47.000Z|2026-05-08T21:56:54.000Z|2026-05-08T21:57:57.000Z,2026-05-08T21:54:52.000Z|2026-05-08T21:56:56.000Z|2026-05-08T21:58:04.000Z,2026-05-08T21:58:08.000Z,2026-05-08T21:58:15.000Z|2026-05-08T21:58:18.000Z
20260508-180032,1,optimized-mining-workbench-travel-time,clean_complete,bot,gotr-round-restart,2026-05-08T22:00:32.991Z,2026-05-08T22:09:04.843Z,511852,null,2026-05-08T22:03:23.000Z,2026-05-08T22:05:23.000Z,2026-05-08T22:08:04.000Z,2026-05-08T22:09:04.000Z,small|medium|large|giant,4,null,null,4,4,4,81,85,0,0,3,3,4,4,8,0,172843,25000,95000,4,0,2300,19,19900,0,2,3,altar:13|guardian:1|salmonPortal:4,2026-05-08T22:02:58.000Z|2026-05-08T22:04:23.000Z|2026-05-08T22:06:05.000Z|2026-05-08T22:07:41.000Z,2026-05-08T22:03:22.000Z|2026-05-08T22:04:44.000Z|2026-05-08T22:06:32.000Z|2026-05-08T22:08:04.000Z,2026-05-08T22:03:03.000Z|2026-05-08T22:03:10.000Z|2026-05-08T22:03:14.000Z|2026-05-08T22:04:24.000Z|2026-05-08T22:04:32.000Z|2026-05-08T22:04:35.000Z|2026-05-08T22:06:11.000Z|2026-05-08T22:06:19.000Z|2026-05-08T22:06:23.000Z|2026-05-08T22:07:46.000Z|2026-05-08T22:07:52.000Z|2026-05-08T22:07:56.000Z,2026-05-08T22:02:00.000Z|2026-05-08T22:02:21.000Z|2026-05-08T22:05:05.000Z|2026-05-08T22:05:21.000Z|2026-05-08T22:06:55.000Z|2026-05-08T22:07:10.000Z|2026-05-08T22:07:23.000Z,2026-05-08T22:02:19.000Z|2026-05-08T22:02:32.000Z|2026-05-08T22:05:19.000Z|2026-05-08T22:05:23.000Z|2026-05-08T22:07:08.000Z|2026-05-08T22:07:22.000Z|null,2026-05-08T22:03:32.000Z|2026-05-08T22:05:34.000Z|2026-05-08T22:08:14.000Z,2026-05-08T22:03:40.000Z|2026-05-08T22:05:42.000Z|2026-05-08T22:08:23.000Z,2026-05-08T22:04:10.000Z|2026-05-08T22:04:45.000Z|2026-05-08T22:06:33.000Z|2026-05-08T22:08:51.000Z,2026-05-08T22:04:14.000Z|2026-05-08T22:04:52.000Z|2026-05-08T22:06:39.000Z|2026-05-08T22:08:54.000Z,2026-05-08T22:04:15.000Z|2026-05-08T22:04:52.000Z|2026-05-08T22:06:39.000Z|2026-05-08T22:08:54.000Z,2026-05-08T22:04:18.000Z|2026-05-08T22:04:55.000Z|2026-05-08T22:06:44.000Z|2026-05-08T22:08:56.000Z,2026-05-08T22:04:58.000Z|2026-05-08T22:06:47.000Z|2026-05-08T22:08:58.000Z,2026-05-08T22:05:05.000Z|2026-05-08T22:06:54.000Z|2026-05-08T22:09:04.000Z
20260508-180904,2,optimized-mining-workbench-travel-time,clean_complete,bot,gotr-round-restart,2026-05-08T22:09:04.853Z,2026-05-08T22:18:49.541Z,584688,2026-05-08T22:10:11.000Z,2026-05-08T22:15:13.000Z,2026-05-08T22:17:31.000Z,null,2026-05-08T22:18:49.000Z,null,null,null,null,4,4,4,72,76,0,0,3,2,4,3,9,2,336000,15000,103000,4,1,4000,20,19800,7,3,6,altar:16|guardian:1|redPortal:1|salmonPortal:5,2026-05-08T22:12:38.000Z|2026-05-08T22:14:30.000Z|2026-05-08T22:16:20.000Z,2026-05-08T22:13:21.000Z|2026-05-08T22:14:55.000Z|2026-05-08T22:16:55.000Z,2026-05-08T22:12:50.000Z|2026-05-08T22:13:00.000Z|2026-05-08T22:13:04.000Z|2026-05-08T22:14:36.000Z|2026-05-08T22:14:43.000Z|2026-05-08T22:14:47.000Z|2026-05-08T22:16:27.000Z|2026-05-08T22:16:39.000Z|2026-05-08T22:16:42.000Z|2026-05-08T22:18:09.000Z|2026-05-08T22:18:17.000Z|2026-05-08T22:18:20.000Z,2026-05-08T22:11:43.000Z|2026-05-08T22:11:55.000Z|2026-05-08T22:12:10.000Z|2026-05-08T22:12:22.000Z|2026-05-08T22:13:59.000Z|2026-05-08T22:14:11.000Z,2026-05-08T22:11:50.000Z|2026-05-08T22:12:07.000Z|2026-05-08T22:12:21.000Z|2026-05-08T22:13:57.000Z|2026-05-08T22:14:10.000Z|2026-05-08T22:17:31.000Z,2026-05-08T22:15:26.000Z|2026-05-08T22:17:37.000Z,2026-05-08T22:15:37.000Z|2026-05-08T22:17:41.000Z,2026-05-08T22:13:22.000Z|2026-05-08T22:14:55.000Z|2026-05-08T22:16:55.000Z|2026-05-08T22:18:31.000Z,2026-05-08T22:13:28.000Z|2026-05-08T22:15:02.000Z|2026-05-08T22:17:02.000Z|2026-05-08T22:18:36.000Z,2026-05-08T22:13:28.000Z|2026-05-08T22:15:02.000Z|2026-05-08T22:17:02.000Z|2026-05-08T22:18:36.000Z,2026-05-08T22:13:32.000Z|2026-05-08T22:15:05.000Z|2026-05-08T22:17:06.000Z,2026-05-08T22:13:36.000Z|2026-05-08T22:15:09.000Z|2026-05-08T22:17:10.000Z|2026-05-08T22:18:43.000Z,2026-05-08T22:13:43.000Z|2026-05-08T22:15:14.000Z|2026-05-08T22:17:16.000Z|2026-05-08T22:18:49.000Z
20260508-181849,3,optimized-mining-workbench-travel-time,stopped_f4,f4,bot-stopped,2026-05-08T22:18:49.542Z,2026-05-08T22:28:58.661Z,609119,2026-05-08T22:19:53.000Z,2026-05-08T22:22:40.000Z,2026-05-08T22:24:51.000Z,2026-05-08T22:27:16.000Z,null,null,null,null,null,4,5,4,60,64,20,21,2,2,5,5,10,4,289000,21000,44000,5,2,6900,20,19800,29,3,8,altar:5|guardian:1|redPortal:2|salmonPortal:3,2026-05-08T22:23:43.000Z|2026-05-08T22:28:16.000Z,2026-05-08T22:24:01.000Z|2026-05-08T22:28:42.000Z,2026-05-08T22:22:21.000Z|2026-05-08T22:22:28.000Z|2026-05-08T22:22:31.000Z|2026-05-08T22:23:44.000Z|2026-05-08T22:23:50.000Z|2026-05-08T22:23:54.000Z|2026-05-08T22:25:04.000Z|2026-05-08T22:25:12.000Z|2026-05-08T22:25:16.000Z|2026-05-08T22:26:34.000Z|2026-05-08T22:26:41.000Z|2026-05-08T22:28:22.000Z|2026-05-08T22:28:29.000Z|2026-05-08T22:28:33.000Z,2026-05-08T22:21:24.000Z|2026-05-08T22:21:45.000Z|2026-05-08T22:21:58.000Z|2026-05-08T22:24:38.000Z|2026-05-08T22:24:50.000Z|2026-05-08T22:26:13.000Z|2026-05-08T22:26:20.000Z|2026-05-08T22:26:22.000Z,2026-05-08T22:21:43.000Z|2026-05-08T22:21:57.000Z|2026-05-08T22:24:35.000Z|2026-05-08T22:24:49.000Z|2026-05-08T22:26:11.000Z|2026-05-08T22:26:19.000Z|2026-05-08T22:26:21.000Z|2026-05-08T22:26:24.000Z,2026-05-08T22:22:54.000Z|2026-05-08T22:27:25.000Z,2026-05-08T22:23:04.000Z|2026-05-08T22:27:36.000Z,2026-05-08T22:23:25.000Z|2026-05-08T22:24:01.000Z|2026-05-08T22:25:35.000Z|2026-05-08T22:26:56.000Z|2026-05-08T22:28:43.000Z,2026-05-08T22:23:31.000Z|2026-05-08T22:24:08.000Z|2026-05-08T22:25:40.000Z|2026-05-08T22:27:03.000Z,2026-05-08T22:23:31.000Z|2026-05-08T22:24:08.000Z|2026-05-08T22:25:40.000Z|2026-05-08T22:27:03.000Z|2026-05-08T22:28:49.000Z,2026-05-08T22:23:34.000Z|2026-05-08T22:24:12.000Z|2026-05-08T22:25:45.000Z|2026-05-08T22:27:08.000Z|2026-05-08T22:28:52.000Z,2026-05-08T22:24:15.000Z|2026-05-08T22:25:50.000Z|2026-05-08T22:27:12.000Z|2026-05-08T22:28:56.000Z,2026-05-08T22:24:22.000Z|2026-05-08T22:25:58.000Z|2026-05-08T22:27:18.000Z
20260508-183944,1,optimized-mining-workbench-travel-time,stopped_f4,f4,bot-stopped,2026-05-08T22:39:44.534Z,2026-05-08T22:42:45.849Z,181315,null,2026-05-08T22:41:58.000Z,null,null,null,small|medium|large|giant,4,null,null,0,0,0,0,0,18,19,1,1,0,0,3,0,120849,10000,null,1,0,600,4,19700,0,3,4,guardian:2|salmonPortal:2,null,null,2026-05-08T22:41:41.000Z|2026-05-08T22:41:45.000Z|2026-05-08T22:41:49.000Z,2026-05-08T22:40:41.000Z|2026-05-08T22:41:03.000Z|2026-05-08T22:41:16.000Z,2026-05-08T22:41:01.000Z|2026-05-08T22:41:14.000Z|null,2026-05-08T22:42:07.000Z,2026-05-08T22:42:17.000Z,null,null,null,null,null,null
20260508-184908,1,optimized-mining-workbench-travel-time,stopped_ui,ui,bot-stopped,2026-05-08T22:49:08.615Z,2026-05-08T22:53:58.840Z,290225,null,2026-05-08T22:51:25.000Z,2026-05-08T22:53:37.000Z,null,null,small|medium|large|giant,4,null,null,1,4,1,18,19,0,0,1,1,4,1,3,0,218840,9000,19000,1,0,600,9,19500,0,4,5,altar:1|chargedCellDeposit:14|guardian:2|salmonPortal:2,2026-05-08T22:52:37.000Z,2026-05-08T22:52:56.000Z,2026-05-08T22:51:06.000Z|2026-05-08T22:51:11.000Z|2026-05-08T22:51:15.000Z|2026-05-08T22:52:38.000Z,2026-05-08T22:50:17.000Z|2026-05-08T22:50:38.000Z|2026-05-08T22:50:51.000Z,2026-05-08T22:50:36.000Z|2026-05-08T22:50:50.000Z|null,2026-05-08T22:51:35.000Z,2026-05-08T22:51:44.000Z,2026-05-08T22:52:07.000Z|2026-05-08T22:52:56.000Z|2026-05-08T22:53:03.000Z|2026-05-08T22:53:08.000Z,2026-05-08T22:52:12.000Z,2026-05-08T22:52:12.000Z|2026-05-08T22:53:14.000Z|2026-05-08T22:53:21.000Z|2026-05-08T22:53:55.000Z,2026-05-08T22:52:15.000Z,null,null
20260508-190636,1,optimized-mining-workbench-travel-time,stopped_bot,bot,bot-stopped,2026-05-08T23:06:36.852Z,2026-05-08T23:13:50.339Z,433487,2026-05-08T23:07:44.000Z,2026-05-08T23:10:37.000Z,2026-05-08T23:12:43.000Z,null,null,small|medium|large|giant,4,null,null,2,2,2,36,38,0,0,2,2,2,2,5,0,47000,18000,43339,2,0,1300,13,19800,22,2,4,altar:14|guardian:2|salmonPortal:1,2026-05-08T23:10:13.000Z|2026-05-08T23:13:30.000Z,2026-05-08T23:10:36.000Z|null,2026-05-08T23:10:14.000Z|2026-05-08T23:10:22.000Z|2026-05-08T23:10:26.000Z|2026-05-08T23:11:46.000Z|2026-05-08T23:11:52.000Z|2026-05-08T23:11:56.000Z,2026-05-08T23:09:18.000Z|2026-05-08T23:09:40.000Z|2026-05-08T23:12:25.000Z|2026-05-08T23:12:41.000Z,2026-05-08T23:09:38.000Z|2026-05-08T23:09:51.000Z|2026-05-08T23:12:39.000Z|2026-05-08T23:12:43.000Z,2026-05-08T23:10:46.000Z|2026-05-08T23:12:54.000Z,2026-05-08T23:10:56.000Z|2026-05-08T23:13:02.000Z,2026-05-08T23:11:25.000Z|2026-05-08T23:12:06.000Z,2026-05-08T23:11:28.000Z|2026-05-08T23:12:12.000Z,2026-05-08T23:11:28.000Z|2026-05-08T23:12:12.000Z,2026-05-08T23:11:32.000Z|2026-05-08T23:12:17.000Z,2026-05-08T23:12:17.000Z,2026-05-08T23:12:25.000Z
20260508-191755,1,optimized-mining-workbench-travel-time,stopped_bot,bot,gotr-round-restart,2026-05-08T23:17:55.193Z,2026-05-08T23:25:37.999Z,462806,null,2026-05-08T23:20:16.000Z,2026-05-08T23:22:17.000Z,null,null,small|medium|large|giant,4,null,null,4,4,4,83,87,0,0,3,1,4,4,12,3,306000,11000,null,4,2,5800,18,19900,2,1,7,guardian:1|redPortal:2|salmonPortal:5,null,null,2026-05-08T23:20:00.000Z|2026-05-08T23:20:05.000Z|2026-05-08T23:20:08.000Z|2026-05-08T23:21:34.000Z|2026-05-08T23:21:41.000Z|2026-05-08T23:21:45.000Z|2026-05-08T23:23:27.000Z|2026-05-08T23:23:32.000Z|2026-05-08T23:23:35.000Z|2026-05-08T23:24:48.000Z|2026-05-08T23:24:55.000Z|2026-05-08T23:24:59.000Z,2026-05-08T23:19:09.000Z|2026-05-08T23:19:30.000Z|2026-05-08T23:20:53.000Z|2026-05-08T23:21:08.000Z|2026-05-08T23:21:20.000Z|2026-05-08T23:24:19.000Z|2026-05-08T23:24:32.000Z|2026-05-08T23:25:34.000Z,2026-05-08T23:19:28.000Z|2026-05-08T23:19:41.000Z|2026-05-08T23:21:06.000Z|2026-05-08T23:21:19.000Z|2026-05-08T23:24:18.000Z|2026-05-08T23:24:30.000Z|2026-05-08T23:25:32.000Z|2026-05-08T23:25:37.000Z,2026-05-08T23:22:43.000Z,2026-05-08T23:22:54.000Z,2026-05-08T23:20:33.000Z|2026-05-08T23:22:03.000Z|2026-05-08T23:23:44.000Z|2026-05-08T23:25:09.000Z,2026-05-08T23:20:38.000Z|2026-05-08T23:22:10.000Z|2026-05-08T23:23:51.000Z|2026-05-08T23:25:15.000Z,2026-05-08T23:20:38.000Z|2026-05-08T23:22:10.000Z|2026-05-08T23:23:51.000Z|2026-05-08T23:25:15.000Z,2026-05-08T23:20:43.000Z|2026-05-08T23:22:14.000Z|2026-05-08T23:23:55.000Z|2026-05-08T23:25:18.000Z,2026-05-08T23:20:45.000Z|2026-05-08T23:22:16.000Z|2026-05-08T23:23:56.000Z|2026-05-08T23:25:20.000Z,2026-05-08T23:20:52.000Z|2026-05-08T23:22:21.000Z|2026-05-08T23:24:04.000Z|2026-05-08T23:25:27.000Z
20260508-192538,2,optimized-mining-workbench-travel-time,stopped_f4,f4,bot-stopped,2026-05-08T23:25:38.009Z,2026-05-08T23:25:41.864Z,3855,null,null,null,null,null,null,null,null,null,0,0,0,0,0,0,0,0,0,0,0,0,0,null,null,null,0,0,0,null,null,0,0,0,null,null,null,null,null,null,null,null,null,null,null,null,null,null
20260508-194549,1,optimized-mining-workbench-travel-time,stopped_f4,f4,bot-stopped,2026-05-08T23:45:49.500Z,2026-05-08T23:48:40.474Z,170974,2026-05-08T23:46:35.000Z,null,null,null,null,small|medium|large|giant,4,null,null,0,0,0,0,0,0,0,0,0,0,0,5,2,37474,null,null,0,0,0,1,null,0,3,5,guardian:3,null,null,null,2026-05-08T23:47:53.000Z|2026-05-08T23:48:06.000Z|2026-05-08T23:48:20.000Z|2026-05-08T23:48:28.000Z,2026-05-08T23:48:05.000Z|2026-05-08T23:48:12.000Z|2026-05-08T23:48:27.000Z|null,null,null,null,null,null,null,null,null
20260508-195617,1,optimized-mining-workbench-travel-time,stopped_f4,f4,bot-stopped,2026-05-08T23:56:17.551Z,2026-05-09T00:01:06.311Z,288760,null,2026-05-08T23:58:18.000Z,2026-05-09T00:00:54.000Z,null,null,small|medium|large|giant,4,null,null,2,2,2,36,38,11,12,2,1,2,2,7,4,197000,10000,null,3,3,5600,10,19900,10,0,5,redPortal:3|salmonPortal:2,null,null,2026-05-08T23:57:51.000Z|2026-05-08T23:58:00.000Z|2026-05-08T23:58:03.000Z|2026-05-08T23:59:21.000Z|2026-05-08T23:59:29.000Z|2026-05-08T23:59:32.000Z|2026-05-09T00:00:36.000Z|2026-05-09T00:00:43.000Z,2026-05-08T23:57:04.000Z|2026-05-08T23:57:25.000Z|2026-05-08T23:57:37.000Z|2026-05-09T00:00:17.000Z|2026-05-09T00:00:24.000Z,2026-05-08T23:57:23.000Z|2026-05-08T23:57:36.000Z|2026-05-09T00:00:16.000Z|2026-05-09T00:00:23.000Z|2026-05-09T00:00:26.000Z,2026-05-08T23:58:27.000Z,2026-05-08T23:58:37.000Z,2026-05-08T23:59:03.000Z|2026-05-08T23:59:42.000Z,2026-05-08T23:59:07.000Z|2026-05-08T23:59:48.000Z,2026-05-08T23:59:07.000Z|2026-05-08T23:59:48.000Z,2026-05-08T23:59:11.000Z|2026-05-08T23:59:52.000Z,2026-05-08T23:59:54.000Z,2026-05-09T00:00:01.000Z
20260508-200423,1,optimized-mining-workbench-travel-time,clean_complete,bot,gotr-round-restart,2026-05-09T00:04:23.614Z,2026-05-09T00:14:12.837Z,589223,2026-05-09T00:05:19.000Z,2026-05-09T00:07:57.000Z,2026-05-09T00:10:13.000Z,2026-05-09T00:12:32.000Z,2026-05-09T00:13:55.000Z,small|medium|large|giant,4,null,null,4,5,4,60,64,22,23,3,2,5,5,13,18,274000,20000,24000,5,2,6100,20,19700,0,2,5,altar:3|guardian:1|redPortal:2|salmonPortal:5,2026-05-09T00:13:31.000Z,2026-05-09T00:13:55.000Z,2026-05-09T00:07:35.000Z|2026-05-09T00:07:43.000Z|2026-05-09T00:07:47.000Z|2026-05-09T00:08:57.000Z|2026-05-09T00:09:05.000Z|2026-05-09T00:09:09.000Z|2026-05-09T00:10:25.000Z|2026-05-09T00:10:30.000Z|2026-05-09T00:10:33.000Z|2026-05-09T00:11:32.000Z|2026-05-09T00:11:40.000Z|2026-05-09T00:13:35.000Z|2026-05-09T00:13:42.000Z|2026-05-09T00:13:46.000Z,2026-05-09T00:06:44.000Z|2026-05-09T00:07:06.000Z|2026-05-09T00:07:18.000Z|2026-05-09T00:09:58.000Z|2026-05-09T00:10:11.000Z|2026-05-09T00:11:14.000Z|2026-05-09T00:11:19.000Z|2026-05-09T00:12:08.000Z|2026-05-09T00:12:11.000Z|2026-05-09T00:12:13.000Z,2026-05-09T00:07:03.000Z|2026-05-09T00:07:17.000Z|2026-05-09T00:09:57.000Z|2026-05-09T00:10:10.000Z|2026-05-09T00:11:13.000Z|2026-05-09T00:11:18.000Z|2026-05-09T00:11:21.000Z|2026-05-09T00:12:10.000Z|2026-05-09T00:12:12.000Z|2026-05-09T00:12:15.000Z,2026-05-09T00:08:07.000Z|2026-05-09T00:12:49.000Z,2026-05-09T00:08:16.000Z|2026-05-09T00:13:00.000Z,2026-05-09T00:08:41.000Z|2026-05-09T00:09:22.000Z|2026-05-09T00:10:41.000Z|2026-05-09T00:11:48.000Z|2026-05-09T00:13:55.000Z,2026-05-09T00:08:45.000Z|2026-05-09T00:09:29.000Z|2026-05-09T00:10:46.000Z|2026-05-09T00:11:54.000Z,2026-05-09T00:08:45.000Z|2026-05-09T00:09:29.000Z|2026-05-09T00:10:46.000Z|2026-05-09T00:11:54.000Z|2026-05-09T00:14:02.000Z,2026-05-09T00:08:50.000Z|2026-05-09T00:09:34.000Z|2026-05-09T00:10:50.000Z|2026-05-09T00:11:58.000Z|2026-05-09T00:14:06.000Z,2026-05-09T00:09:35.000Z|2026-05-09T00:10:52.000Z|2026-05-09T00:12:00.000Z|2026-05-09T00:14:07.000Z,2026-05-09T00:09:42.000Z|2026-05-09T00:10:58.000Z|2026-05-09T00:12:07.000Z|2026-05-09T00:14:12.000Z
20260508-201500,1,optimized-mining-workbench-travel-time,clean_complete,bot,gotr-round-restart,2026-05-09T00:15:00.377Z,2026-05-09T00:23:33.779Z,513402,null,2026-05-09T00:17:43.000Z,2026-05-09T00:19:52.000Z,2026-05-09T00:22:14.000Z,2026-05-09T00:23:33.000Z,small|medium|large|giant,4,null,null,5,6,5,89,94,0,0,2,2,5,4,12,25,274000,21000,null,5,0,2900,18,19800,0,4,5,guardian:3|salmonPortal:3,null,null,2026-05-09T00:17:14.000Z|2026-05-09T00:17:23.000Z|2026-05-09T00:17:26.000Z|2026-05-09T00:18:45.000Z|2026-05-09T00:18:50.000Z|2026-05-09T00:18:53.000Z|2026-05-09T00:20:02.000Z|2026-05-09T00:20:07.000Z|2026-05-09T00:20:11.000Z|2026-05-09T00:21:09.000Z|2026-05-09T00:22:58.000Z|2026-05-09T00:23:05.000Z|2026-05-09T00:23:08.000Z,2026-05-09T00:16:25.000Z|2026-05-09T00:16:46.000Z|2026-05-09T00:16:59.000Z|2026-05-09T00:19:36.000Z|2026-05-09T00:19:49.000Z|2026-05-09T00:20:58.000Z|2026-05-09T00:21:41.000Z|2026-05-09T00:21:46.000Z,2026-05-09T00:16:45.000Z|2026-05-09T00:16:58.000Z|2026-05-09T00:19:35.000Z|2026-05-09T00:19:48.000Z|2026-05-09T00:20:56.000Z|2026-05-09T00:21:00.000Z|2026-05-09T00:21:44.000Z|2026-05-09T00:21:48.000Z,2026-05-09T00:17:52.000Z|2026-05-09T00:22:21.000Z,2026-05-09T00:18:01.000Z|2026-05-09T00:22:33.000Z,2026-05-09T00:18:26.000Z|2026-05-09T00:19:02.000Z|2026-05-09T00:20:22.000Z|2026-05-09T00:20:28.000Z|2026-05-09T00:21:22.000Z|2026-05-09T00:23:19.000Z,2026-05-09T00:18:30.000Z|2026-05-09T00:19:09.000Z|2026-05-09T00:20:31.000Z|2026-05-09T00:21:27.000Z|2026-05-09T00:23:23.000Z,2026-05-09T00:18:30.000Z|2026-05-09T00:19:09.000Z|2026-05-09T00:20:31.000Z|2026-05-09T00:21:27.000Z|2026-05-09T00:23:24.000Z,2026-05-09T00:18:34.000Z|2026-05-09T00:19:13.000Z|2026-05-09T00:20:35.000Z|2026-05-09T00:21:32.000Z,2026-05-09T00:19:14.000Z|2026-05-09T00:20:36.000Z|2026-05-09T00:21:34.000Z|2026-05-09T00:23:29.000Z,2026-05-09T00:19:21.000Z|2026-05-09T00:20:42.000Z|2026-05-09T00:21:41.000Z|2026-05-09T00:23:33.000Z
20260508-202333,2,optimized-mining-workbench-travel-time,clean_complete,bot,gotr-round-restart,2026-05-09T00:23:33.783Z,2026-05-09T00:32:50.678Z,556895,2026-05-09T00:24:30.000Z,2026-05-09T00:27:08.000Z,2026-05-09T00:29:30.000Z,2026-05-09T00:31:47.000Z,2026-05-09T00:32:50.000Z,null,null,null,null,5,5,5,83,88,0,0,3,3,5,5,9,1,200000,25000,32000,5,1,4800,19,19800,0,2,4,altar:3|guardian:1|redPortal:1|salmonPortal:2,2026-05-09T00:30:36.000Z,2026-05-09T00:31:08.000Z,2026-05-09T00:26:40.000Z|2026-05-09T00:26:45.000Z|2026-05-09T00:26:49.000Z|2026-05-09T00:27:55.000Z|2026-05-09T00:28:00.000Z|2026-05-09T00:28:03.000Z|2026-05-09T00:29:13.000Z|2026-05-09T00:29:18.000Z|2026-05-09T00:29:22.000Z|2026-05-09T00:30:40.000Z|2026-05-09T00:30:48.000Z|2026-05-09T00:30:52.000Z|2026-05-09T00:32:19.000Z|2026-05-09T00:32:23.000Z|2026-05-09T00:32:27.000Z,2026-05-09T00:25:55.000Z|2026-05-09T00:26:16.000Z|2026-05-09T00:26:28.000Z|2026-05-09T00:28:43.000Z|2026-05-09T00:28:55.000Z|2026-05-09T00:31:26.000Z|2026-05-09T00:31:40.000Z,2026-05-09T00:26:14.000Z|2026-05-09T00:26:27.000Z|2026-05-09T00:28:41.000Z|2026-05-09T00:28:54.000Z|2026-05-09T00:29:02.000Z|2026-05-09T00:31:38.000Z|2026-05-09T00:31:47.000Z,2026-05-09T00:27:20.000Z|2026-05-09T00:29:40.000Z|2026-05-09T00:31:52.000Z,2026-05-09T00:27:30.000Z|2026-05-09T00:29:49.000Z|2026-05-09T00:31:58.000Z,2026-05-09T00:26:57.000Z|2026-05-09T00:28:11.000Z|2026-05-09T00:30:13.000Z|2026-05-09T00:31:09.000Z|2026-05-09T00:32:35.000Z,2026-05-09T00:27:03.000Z|2026-05-09T00:28:17.000Z|2026-05-09T00:30:17.000Z|2026-05-09T00:31:15.000Z|2026-05-09T00:32:40.000Z,2026-05-09T00:27:03.000Z|2026-05-09T00:28:17.000Z|2026-05-09T00:30:17.000Z|2026-05-09T00:31:15.000Z|2026-05-09T00:32:40.000Z,2026-05-09T00:27:07.000Z|2026-05-09T00:28:22.000Z|2026-05-09T00:30:20.000Z|2026-05-09T00:31:18.000Z|2026-05-09T00:32:43.000Z,2026-05-09T00:27:08.000Z|2026-05-09T00:28:22.000Z|2026-05-09T00:31:18.000Z|2026-05-09T00:32:44.000Z,2026-05-09T00:27:13.000Z|2026-05-09T00:28:28.000Z|2026-05-09T00:31:25.000Z|2026-05-09T00:32:50.000Z
20260508-203250,3,optimized-mining-workbench-travel-time,stopped_f4,f4,bot-stopped,2026-05-09T00:32:50.683Z,2026-05-09T00:32:59.121Z,8438,null,null,null,null,null,null,null,null,null,0,0,0,0,0,0,0,0,0,0,0,0,0,null,null,null,0,0,0,null,null,0,0,1,null,null,null,null,null,null,null,null,null,null,null,null,null,null
20260508-203424,1,optimized-mining-workbench-travel-time,stopped_f4,f4,bot-stopped,2026-05-09T00:34:24.562Z,2026-05-09T00:43:31.920Z,547358,null,2026-05-09T00:36:37.000Z,2026-05-09T00:38:56.000Z,2026-05-09T00:41:17.000Z,null,small|medium|large|giant,4,null,null,4,5,4,62,66,0,0,5,2,4,4,10,4,219000,16000,null,4,0,2400,18,19800,25,8,10,guardian:2|salmonPortal:8,null,null,2026-05-09T00:36:12.000Z|2026-05-09T00:36:19.000Z|2026-05-09T00:36:23.000Z|2026-05-09T00:38:03.000Z|2026-05-09T00:38:10.000Z|2026-05-09T00:38:13.000Z|2026-05-09T00:39:39.000Z|2026-05-09T00:39:46.000Z|2026-05-09T00:39:50.000Z|2026-05-09T00:40:51.000Z,2026-05-09T00:35:22.000Z|2026-05-09T00:35:44.000Z|2026-05-09T00:35:56.000Z|2026-05-09T00:37:34.000Z|2026-05-09T00:37:46.000Z|2026-05-09T00:40:30.000Z|2026-05-09T00:40:39.000Z|2026-05-09T00:40:41.000Z,2026-05-09T00:35:42.000Z|2026-05-09T00:35:55.000Z|2026-05-09T00:37:32.000Z|2026-05-09T00:37:45.000Z|2026-05-09T00:38:56.000Z|2026-05-09T00:40:38.000Z|2026-05-09T00:40:40.000Z|2026-05-09T00:40:43.000Z,2026-05-09T00:39:05.000Z|2026-05-09T00:41:26.000Z,2026-05-09T00:39:09.000Z|2026-05-09T00:41:38.000Z,2026-05-09T00:36:32.000Z|2026-05-09T00:38:23.000Z|2026-05-09T00:40:02.000Z|2026-05-09T00:40:09.000Z|2026-05-09T00:41:04.000Z,2026-05-09T00:36:37.000Z|2026-05-09T00:38:29.000Z|2026-05-09T00:40:15.000Z|2026-05-09T00:41:09.000Z,2026-05-09T00:37:07.000Z|2026-05-09T00:38:29.000Z|2026-05-09T00:40:16.000Z|2026-05-09T00:41:10.000Z,2026-05-09T00:37:11.000Z|2026-05-09T00:38:33.000Z|2026-05-09T00:40:21.000Z|2026-05-09T00:41:13.000Z,2026-05-09T00:37:12.000Z|2026-05-09T00:38:34.000Z|2026-05-09T00:40:22.000Z|2026-05-09T00:41:15.000Z,2026-05-09T00:37:18.000Z|2026-05-09T00:38:42.000Z|2026-05-09T00:40:29.000Z|2026-05-09T00:41:20.000Z
20260508-211237,1,optimized-mining-workbench-travel-time,stopped_f4,f4,bot-stopped,2026-05-09T01:12:37.419Z,2026-05-09T01:15:27.438Z,170019,null,2026-05-09T01:14:57.000Z,null,null,null,small|large|giant|colossal,4,77,27,1,1,1,74,75,0,0,2,1,0,0,2,0,100438,11000,null,1,0,700,3,19800,0,4,5,guardian:4|salmonPortal:3,null,null,2026-05-09T01:14:32.000Z|2026-05-09T01:14:38.000Z|2026-05-09T01:14:42.000Z|2026-05-09T01:14:45.000Z|2026-05-09T01:14:49.000Z,2026-05-09T01:13:45.000Z|2026-05-09T01:14:09.000Z,2026-05-09T01:14:07.000Z|null,2026-05-09T01:15:12.000Z,2026-05-09T01:15:23.000Z,2026-05-09T01:14:57.000Z,2026-05-09T01:15:01.000Z,null,null,null,null
20260508-212058,1,optimized-mining-workbench-travel-time,stopped_bot,bot,gotr-round-restart,2026-05-09T01:20:58.060Z,2026-05-09T01:21:27.702Z,29642,null,null,null,null,2026-05-09T01:21:19.000Z,small|large|colossal,3,77,27,0,0,0,0,0,0,0,0,0,0,0,0,0,null,null,null,0,0,0,null,null,0,0,1,chargedCellDeposit:1|runeDeposit:1,null,null,null,null,null,null,null,null,null,null,null,null,null
20260508-212127,2,optimized-mining-workbench-travel-time,stopped_f4,f4,bot-stopped,2026-05-09T01:21:27.704Z,2026-05-09T01:23:49.714Z,142010,2026-05-09T01:21:56.000Z,null,null,null,null,null,null,null,null,0,0,0,0,0,0,0,0,0,0,0,2,0,32714,null,null,0,0,0,null,null,0,3,4,guardian:3,null,null,null,2026-05-09T01:23:16.000Z|2026-05-09T01:23:38.000Z,2026-05-09T01:23:37.000Z|null,null,null,null,null,null,null,null,null
20260508-213018,1,optimized-mining-workbench-travel-time,stopped_f4,f4,bot-stopped,2026-05-09T01:30:18.103Z,2026-05-09T01:35:26.616Z,308513,2026-05-09T01:31:34.000Z,2026-05-09T01:34:28.000Z,null,null,null,colossal,1,77,27,0,3,0,0,0,38,39,1,0,2,0,3,0,145616,null,29000,1,1,1900,5,19700,0,4,5,altar:3|chargedCellDeposit:7|guardian:4|redPortal:1,2026-05-09T01:33:59.000Z,2026-05-09T01:34:28.000Z,2026-05-09T01:34:03.000Z|2026-05-09T01:34:09.000Z|2026-05-09T01:34:12.000Z,2026-05-09T01:32:59.000Z|2026-05-09T01:33:21.000Z|2026-05-09T01:33:37.000Z,2026-05-09T01:33:20.000Z|2026-05-09T01:33:36.000Z|null,null,null,2026-05-09T01:34:39.000Z|2026-05-09T01:34:47.000Z|2026-05-09T01:34:51.000Z,null,2026-05-09T01:34:56.000Z|2026-05-09T01:35:03.000Z,null,null,null
20260508-214011,1,optimized-mining-workbench-travel-time,clean_complete,bot,gotr-round-restart,2026-05-09T01:40:11.897Z,2026-05-09T01:49:37.420Z,565523,2026-05-09T01:41:02.000Z,2026-05-09T01:43:36.000Z,2026-05-09T01:48:16.000Z,null,2026-05-09T01:49:37.000Z,colossal,1,77,27,5,5,5,206,211,0,0,2,2,5,5,14,11,279000,22000,29000,5,0,2900,20,19800,9,2,4,altar:1|guardian:2|salmonPortal:5,2026-05-09T01:45:59.000Z,2026-05-09T01:46:28.000Z,2026-05-09T01:43:16.000Z|2026-05-09T01:43:23.000Z|2026-05-09T01:43:26.000Z|2026-05-09T01:44:35.000Z|2026-05-09T01:44:43.000Z|2026-05-09T01:44:47.000Z|2026-05-09T01:46:00.000Z|2026-05-09T01:46:08.000Z|2026-05-09T01:46:13.000Z|2026-05-09T01:47:25.000Z|2026-05-09T01:47:32.000Z|2026-05-09T01:47:35.000Z|2026-05-09T01:49:03.000Z|2026-05-09T01:49:09.000Z|2026-05-09T01:49:12.000Z,2026-05-09T01:42:28.000Z|2026-05-09T01:42:50.000Z|2026-05-09T01:43:04.000Z|2026-05-09T01:45:32.000Z|2026-05-09T01:45:47.000Z|2026-05-09T01:47:04.000Z|2026-05-09T01:47:09.000Z|2026-05-09T01:47:11.000Z|2026-05-09T01:48:04.000Z|2026-05-09T01:48:07.000Z,2026-05-09T01:42:49.000Z|2026-05-09T01:43:00.000Z|2026-05-09T01:45:31.000Z|2026-05-09T01:45:46.000Z|2026-05-09T01:47:03.000Z|2026-05-09T01:47:08.000Z|2026-05-09T01:47:10.000Z|2026-05-09T01:47:13.000Z|2026-05-09T01:48:06.000Z|2026-05-09T01:48:09.000Z,2026-05-09T01:43:45.000Z|2026-05-09T01:48:26.000Z,2026-05-09T01:43:54.000Z|2026-05-09T01:48:39.000Z,2026-05-09T01:44:16.000Z|2026-05-09T01:44:58.000Z|2026-05-09T01:46:28.000Z|2026-05-09T01:47:45.000Z|2026-05-09T01:49:22.000Z,2026-05-09T01:44:19.000Z|2026-05-09T01:45:04.000Z|2026-05-09T01:46:33.000Z|2026-05-09T01:47:52.000Z|2026-05-09T01:49:27.000Z,2026-05-09T01:44:20.000Z|2026-05-09T01:45:04.000Z|2026-05-09T01:46:34.000Z|2026-05-09T01:47:52.000Z|2026-05-09T01:49:27.000Z,2026-05-09T01:44:24.000Z|2026-05-09T01:45:08.000Z|2026-05-09T01:46:38.000Z|2026-05-09T01:47:57.000Z|2026-05-09T01:49:30.000Z,2026-05-09T01:45:09.000Z|2026-05-09T01:46:40.000Z|2026-05-09T01:47:58.000Z|2026-05-09T01:49:31.000Z,2026-05-09T01:45:16.000Z|2026-05-09T01:46:48.000Z|2026-05-09T01:48:03.000Z|2026-05-09T01:49:37.000Z
20260508-214937,2,optimized-mining-workbench-travel-time,clean_complete,bot,gotr-round-restart,2026-05-09T01:49:37.423Z,2026-05-09T01:59:14.628Z,577205,2026-05-09T01:50:43.000Z,2026-05-09T01:53:17.000Z,2026-05-09T01:55:36.000Z,2026-05-09T01:57:55.000Z,2026-05-09T01:59:14.000Z,null,null,null,null,5,5,5,224,229,0,0,3,3,5,5,9,4,231000,31000,34000,5,1,4500,19,19800,4,1,4,altar:7|guardian:1|redPortal:1|salmonPortal:4,2026-05-09T01:54:17.000Z,2026-05-09T01:54:51.000Z,2026-05-09T01:52:57.000Z|2026-05-09T01:53:04.000Z|2026-05-09T01:53:08.000Z|2026-05-09T01:54:27.000Z|2026-05-09T01:54:36.000Z|2026-05-09T01:54:40.000Z|2026-05-09T01:56:05.000Z|2026-05-09T01:56:09.000Z|2026-05-09T01:56:13.000Z|2026-05-09T01:57:15.000Z|2026-05-09T01:57:20.000Z|2026-05-09T01:57:24.000Z|2026-05-09T01:58:43.000Z|2026-05-09T01:58:48.000Z|2026-05-09T01:58:52.000Z,2026-05-09T01:52:08.000Z|2026-05-09T01:52:30.000Z|2026-05-09T01:52:47.000Z|2026-05-09T01:55:26.000Z|2026-05-09T01:56:40.000Z|2026-05-09T01:56:56.000Z|2026-05-09T01:57:07.000Z,2026-05-09T01:52:29.000Z|2026-05-09T01:52:46.000Z|2026-05-09T01:55:25.000Z|2026-05-09T01:55:36.000Z|2026-05-09T01:56:55.000Z|2026-05-09T01:57:05.000Z|2026-05-09T01:57:09.000Z,2026-05-09T01:53:23.000Z|2026-05-09T01:55:45.000Z|2026-05-09T01:58:01.000Z,2026-05-09T01:53:37.000Z|2026-05-09T01:55:49.000Z|2026-05-09T01:58:14.000Z,2026-05-09T01:54:00.000Z|2026-05-09T01:54:51.000Z|2026-05-09T01:56:21.000Z|2026-05-09T01:57:33.000Z|2026-05-09T01:58:59.000Z,2026-05-09T01:54:03.000Z|2026-05-09T01:54:56.000Z|2026-05-09T01:56:27.000Z|2026-05-09T01:57:40.000Z|2026-05-09T01:59:04.000Z,2026-05-09T01:54:03.000Z|2026-05-09T01:54:56.000Z|2026-05-09T01:56:27.000Z|2026-05-09T01:57:40.000Z|2026-05-09T01:59:04.000Z,2026-05-09T01:54:08.000Z|2026-05-09T01:55:01.000Z|2026-05-09T01:56:32.000Z|2026-05-09T01:57:44.000Z|2026-05-09T01:59:08.000Z,2026-05-09T01:55:02.000Z|2026-05-09T01:56:32.000Z|2026-05-09T01:57:45.000Z|2026-05-09T01:59:09.000Z,2026-05-09T01:55:09.000Z|2026-05-09T01:56:39.000Z|2026-05-09T01:57:52.000Z|2026-05-09T01:57:55.000Z|2026-05-09T01:59:14.000Z
20260508-215914,3,optimized-mining-workbench-travel-time,clean_complete,bot,gotr-round-restart,2026-05-09T01:59:14.632Z,2026-05-09T02:09:06.846Z,592214,2026-05-09T02:00:17.000Z,2026-05-09T02:02:52.000Z,2026-05-09T02:05:16.000Z,2026-05-09T02:07:35.000Z,2026-05-09T02:09:03.000Z,null,null,null,null,4,5,4,176,180,50,51,4,3,5,4,11,5,242000,29000,50000,5,0,2900,19,19800,6,0,2,altar:5|salmonPortal:6,2026-05-09T02:04:03.000Z|2026-05-09T02:08:22.000Z,2026-05-09T02:04:30.000Z|2026-05-09T02:08:45.000Z,2026-05-09T02:02:31.000Z|2026-05-09T02:02:37.000Z|2026-05-09T02:02:40.000Z|2026-05-09T02:04:06.000Z|2026-05-09T02:04:14.000Z|2026-05-09T02:04:19.000Z|2026-05-09T02:05:41.000Z|2026-05-09T02:05:47.000Z|2026-05-09T02:05:50.000Z|2026-05-09T02:06:52.000Z|2026-05-09T02:06:57.000Z|2026-05-09T02:07:00.000Z|2026-05-09T02:08:23.000Z|2026-05-09T02:08:33.000Z|2026-05-09T02:08:36.000Z,2026-05-09T02:01:41.000Z|2026-05-09T02:02:04.000Z|2026-05-09T02:02:20.000Z|2026-05-09T02:05:05.000Z|2026-05-09T02:06:15.000Z|2026-05-09T02:06:32.000Z|2026-05-09T02:06:44.000Z|2026-05-09T02:07:29.000Z,2026-05-09T02:02:03.000Z|2026-05-09T02:02:19.000Z|2026-05-09T02:05:04.000Z|2026-05-09T02:05:16.000Z|2026-05-09T02:06:31.000Z|2026-05-09T02:06:41.000Z|2026-05-09T02:06:46.000Z|2026-05-09T02:07:32.000Z,2026-05-09T02:03:13.000Z|2026-05-09T02:05:21.000Z|2026-05-09T02:07:40.000Z,2026-05-09T02:03:25.000Z|2026-05-09T02:05:25.000Z|2026-05-09T02:07:53.000Z,2026-05-09T02:02:50.000Z|2026-05-09T02:04:31.000Z|2026-05-09T02:05:58.000Z|2026-05-09T02:07:10.000Z|2026-05-09T02:08:45.000Z,2026-05-09T02:02:55.000Z|2026-05-09T02:04:37.000Z|2026-05-09T02:06:04.000Z|2026-05-09T02:07:16.000Z,2026-05-09T02:03:49.000Z|2026-05-09T02:04:37.000Z|2026-05-09T02:06:04.000Z|2026-05-09T02:07:16.000Z|2026-05-09T02:08:52.000Z,2026-05-09T02:03:51.000Z|2026-05-09T02:04:40.000Z|2026-05-09T02:06:08.000Z|2026-05-09T02:07:20.000Z,2026-05-09T02:04:41.000Z|2026-05-09T02:06:09.000Z|2026-05-09T02:07:21.000Z|2026-05-09T02:08:57.000Z,2026-05-09T02:04:48.000Z|2026-05-09T02:06:15.000Z|2026-05-09T02:07:29.000Z|2026-05-09T02:09:03.000Z
20260508-220906,4,optimized-mining-workbench-travel-time,stopped_f4,f4,bot-stopped,2026-05-09T02:09:06.850Z,2026-05-09T02:09:16.464Z,9614,null,null,null,null,null,null,null,null,null,0,0,0,0,0,0,0,0,0,0,0,0,0,null,null,null,0,0,0,null,null,0,0,0,null,null,null,null,null,null,null,null,null,null,null,null,null,null
20260509-082143,1,optimized-mining-workbench-travel-time,clean_complete,bot,gotr-round-restart,2026-05-09T12:21:43.825Z,2026-05-09T12:25:32.579Z,228754,2026-05-09T12:22:41.187Z,,,,2026-05-09T12:25:32.577Z,colossal,1,77,27,0,1,0,0,0,49,50,0,0,1,1,3,0,84714,0,0,1,0,669,2,19807,0,0,0,,,,2026-05-09T12:24:54.322Z|2026-05-09T12:25:01.282Z|2026-05-09T12:25:04.894Z,2026-05-09T12:24:05.795Z|2026-05-09T12:24:28.703Z|2026-05-09T12:24:45.830Z,2026-05-09T12:24:27.688Z|2026-05-09T12:24:44.775Z|,,,2026-05-09T12:25:16.325Z,,2026-05-09T12:25:23.095Z,2026-05-09T12:25:26.011Z,2026-05-09T12:25:26.863Z,2026-05-09T12:25:32.577Z
20260509-082532,2,optimized-mining-workbench-travel-time,stopped_f4,f4,bot-stopped,2026-05-09T12:25:32.593Z,2026-05-09T12:30:25.064Z,292471,2026-05-09T12:26:13.021Z,2026-05-09T12:28:52.098Z,,,,colossal,1,77,27,1,1,1,48,49,0,0,1,1,1,1,3,0,147103,13291,0,1,0,652,6,19783,0,12,13,guardian:12|salmonPortal:2,,,2026-05-09T12:28:28.002Z|2026-05-09T12:28:33.640Z|2026-05-09T12:28:37.262Z,2026-05-09T12:27:40.333Z|2026-05-09T12:28:19.812Z,2026-05-09T12:28:02.184Z|,2026-05-09T12:29:04.859Z,2026-05-09T12:29:18.150Z,2026-05-09T12:28:46.033Z,2026-05-09T12:28:50.818Z,2026-05-09T12:28:50.908Z,2026-05-09T12:28:54.185Z,,
20260509-083032,1,optimized-mining-workbench-travel-time,stopped_f4,f4,bot-stopped,2026-05-09T12:30:32.903Z,2026-05-09T12:30:55.433Z,22530,,,,,,colossal,1,77,27,0,0,0,0,0,0,0,0,0,0,0,0,0,0,0,0,0,0,0,1,0,0,3,3,guardian:3,,,,,,,,,,,,,
20260509-084437,1,optimized-mining-workbench-travel-time,stopped_bot,bot,gotr-round-restart,2026-05-09T12:44:37.428Z,2026-05-09T12:54:17.474Z,580046,2026-05-09T12:45:40.544Z,2026-05-09T12:48:19.710Z,2026-05-09T12:50:35.735Z,2026-05-09T12:52:59.735Z,null,colossal,1,77,27,4,5,4,159,163,0,0,2,1,5,5,17,32,247040,11124,0,5,0,3094,20,19848,3,0,5,runeDeposit:1|salmonPortal:7,null,null,2026-05-09T12:47:59.191Z|2026-05-09T12:48:05.553Z|2026-05-09T12:48:09.760Z|2026-05-09T12:49:21.805Z|2026-05-09T12:49:29.083Z|2026-05-09T12:49:32.825Z|2026-05-09T12:50:46.152Z|2026-05-09T12:50:53.955Z|2026-05-09T12:50:57.476Z|2026-05-09T12:51:53.592Z|2026-05-09T12:53:44.212Z,2026-05-09T12:47:05.439Z|2026-05-09T12:47:17.834Z|2026-05-09T12:47:46.729Z|2026-05-09T12:50:33.087Z|2026-05-09T12:51:41.840Z|2026-05-09T12:52:25.458Z|2026-05-09T12:52:30.786Z|2026-05-09T12:53:29.492Z|2026-05-09T12:53:34.422Z,2026-05-09T12:47:13.124Z|2026-05-09T12:47:30.383Z|2026-05-09T12:50:16.210Z|2026-05-09T12:51:38.854Z|2026-05-09T12:51:44.526Z|2026-05-09T12:52:28.125Z|2026-05-09T12:52:33.153Z|2026-05-09T12:53:31.746Z|2026-05-09T12:53:36.006Z,2026-05-09T12:48:33.975Z,2026-05-09T12:48:45.099Z,2026-05-09T12:49:08.520Z|2026-05-09T12:49:42.228Z|2026-05-09T12:51:08.701Z|2026-05-09T12:52:05.933Z|2026-05-09T12:54:00.950Z,2026-05-09T12:49:12.543Z|2026-05-09T12:49:48.509Z|2026-05-09T12:51:14.663Z|2026-05-09T12:52:11.939Z,2026-05-09T12:49:12.659Z|2026-05-09T12:49:48.606Z|2026-05-09T12:51:14.770Z|2026-05-09T12:52:12.059Z|2026-05-09T12:54:07.811Z,2026-05-09T12:49:16.378Z|2026-05-09T12:49:52.446Z|2026-05-09T12:51:17.493Z|2026-05-09T12:52:17.379Z|2026-05-09T12:54:10.334Z,2026-05-09T12:49:53.956Z|2026-05-09T12:51:18.250Z|2026-05-09T12:52:18.462Z|2026-05-09T12:54:11.061Z,2026-05-09T12:50:00.388Z|2026-05-09T12:51:24.229Z|2026-05-09T12:52:24.908Z
20260509-085417,2,optimized-mining-workbench-travel-time,clean_complete,bot,gotr-round-restart,2026-05-09T12:54:17.485Z,2026-05-09T13:04:03.251Z,585766,2026-05-09T12:55:28.400Z,2026-05-09T12:58:05.505Z,2026-05-09T13:00:20.977Z,2026-05-09T13:02:44.927Z,2026-05-09T13:04:03.248Z,colossal,1,77,27,5,5,5,212,217,0,0,3,3,5,5,12,8,204502,26458,34229,5,1,4492,19,19904,2,2,4,altar:7|guardian:2|redPortal:1|salmonPortal:2,2026-05-09T12:58:58.182Z,2026-05-09T12:59:32.411Z,2026-05-09T12:57:44.009Z|2026-05-09T12:57:51.526Z|2026-05-09T12:57:54.816Z|2026-05-09T12:59:08.351Z|2026-05-09T12:59:17.231Z|2026-05-09T12:59:20.540Z|2026-05-09T13:00:53.497Z|2026-05-09T13:00:58.061Z|2026-05-09T13:01:01.381Z|2026-05-09T13:01:58.359Z|2026-05-09T13:02:03.822Z|2026-05-09T13:02:07.420Z|2026-05-09T13:03:31.980Z|2026-05-09T13:03:37.390Z|2026-05-09T13:03:40.783Z,2026-05-09T12:56:53.008Z|2026-05-09T12:57:30.883Z|2026-05-09T13:01:27.509Z|2026-05-09T13:01:44.225Z|2026-05-09T13:01:50.925Z|2026-05-09T13:02:35.289Z|2026-05-09T13:02:40.495Z,2026-05-09T12:57:14.495Z|2026-05-09T13:00:08.431Z|2026-05-09T13:01:43.080Z|2026-05-09T13:01:47.974Z|2026-05-09T13:01:52.724Z|2026-05-09T13:02:38.020Z|2026-05-09T13:02:42.112Z,2026-05-09T12:58:10.719Z|2026-05-09T13:00:26.658Z|2026-05-09T13:02:51.504Z,2026-05-09T12:58:21.841Z|2026-05-09T13:00:30.933Z|2026-05-09T13:03:02.565Z,2026-05-09T12:58:40.377Z|2026-05-09T12:59:32.829Z|2026-05-09T13:01:09.636Z|2026-05-09T13:02:15.288Z|2026-05-09T13:03:48.499Z,2026-05-09T12:58:43.084Z|2026-05-09T12:59:39.031Z|2026-05-09T13:01:14.855Z|2026-05-09T13:02:22.468Z|2026-05-09T13:03:53.154Z,2026-05-09T12:58:43.176Z|2026-05-09T12:59:39.193Z|2026-05-09T13:01:14.947Z|2026-05-09T13:02:22.577Z|2026-05-09T13:03:53.820Z,2026-05-09T12:58:48.827Z|2026-05-09T12:59:42.988Z|2026-05-09T13:01:18.062Z|2026-05-09T13:02:26.591Z|2026-05-09T13:03:56.477Z,2026-05-09T12:59:44.543Z|2026-05-09T13:01:19.591Z|2026-05-09T13:02:27.454Z|2026-05-09T13:03:57.464Z,2026-05-09T12:59:52.492Z|2026-05-09T13:01:26.651Z|2026-05-09T13:02:34.533Z|2026-05-09T13:04:03.248Z
20260509-090403,3,optimized-mining-workbench-travel-time,clean_complete,bot,gotr-round-restart,2026-05-09T13:04:03.261Z,2026-05-09T13:14:04.715Z,601454,2026-05-09T13:05:04.389Z,2026-05-09T13:07:36.748Z,2026-05-09T13:10:02.142Z,2026-05-09T13:12:22.717Z,2026-05-09T13:14:04.713Z,colossal,1,77,27,4,6,4,162,166,49,50,3,2,5,5,9,4,281233,23105,0,5,0,2921,20,19763,15,4,8,guardian:3|salmonPortal:6,null,null,2026-05-09T13:07:14.892Z|2026-05-09T13:07:20.353Z|2026-05-09T13:07:24.018Z|2026-05-09T13:08:51.649Z|2026-05-09T13:08:56.764Z|2026-05-09T13:09:00.323Z|2026-05-09T13:10:41.341Z|2026-05-09T13:10:46.104Z|2026-05-09T13:10:49.747Z|2026-05-09T13:11:56.043Z|2026-05-09T13:13:24.244Z|2026-05-09T13:13:31.356Z|2026-05-09T13:13:35.591Z,2026-05-09T13:06:29.338Z|2026-05-09T13:07:07.322Z|2026-05-09T13:10:00.419Z|2026-05-09T13:11:44.752Z,2026-05-09T13:06:50.829Z|2026-05-09T13:09:44.136Z|2026-05-09T13:11:41.162Z|2026-05-09T13:11:46.937Z,2026-05-09T13:07:53.081Z|2026-05-09T13:12:45.333Z,2026-05-09T13:08:04.570Z|2026-05-09T13:12:56.949Z,2026-05-09T13:07:31.363Z|2026-05-09T13:09:08.465Z|2026-05-09T13:10:59.035Z|2026-05-09T13:11:07.266Z|2026-05-09T13:12:08.698Z|2026-05-09T13:13:48.150Z,2026-05-09T13:07:36.772Z|2026-05-09T13:09:15.610Z|2026-05-09T13:11:12.289Z|2026-05-09T13:12:15.206Z,2026-05-09T13:08:32.351Z|2026-05-09T13:09:15.724Z|2026-05-09T13:11:12.397Z|2026-05-09T13:12:15.356Z|2026-05-09T13:13:54.821Z,2026-05-09T13:08:35.901Z|2026-05-09T13:09:19.241Z|2026-05-09T13:11:17.621Z|2026-05-09T13:12:20.391Z|2026-05-09T13:13:57.990Z,2026-05-09T13:09:20.494Z|2026-05-09T13:11:19.323Z|2026-05-09T13:12:21.892Z|2026-05-09T13:13:58.872Z,2026-05-09T13:09:27.969Z|2026-05-09T13:11:25.072Z|2026-05-09T13:12:28.071Z|2026-05-09T13:14:04.713Z
20260509-091404,4,optimized-mining-workbench-travel-time,stopped_f4,f4,bot-stopped,2026-05-09T13:14:04.728Z,2026-05-09T13:14:13.154Z,8426,null,null,null,null,null,colossal,1,77,27,0,0,0,0,0,0,0,0,0,0,0,0,0,0,0,0,0,0,0,0,0,0,0,1,null,null,null,null,null,null,null,null,null,null,null,null,null,null
20260509-091507,1,optimized-mining-workbench-travel-time,clean_complete,bot,gotr-round-restart,2026-05-09T13:15:07.033Z,2026-05-09T13:23:24.250Z,497217,null,2026-05-09T13:17:25.390Z,2026-05-09T13:19:36.877Z,2026-05-09T13:21:59.084Z,2026-05-09T13:23:24.247Z,colossal,1,77,27,5,5,5,232,237,0,0,3,3,5,4,9,4,212983,31614,15317,5,0,3003,18,19943,1,0,2,altar:1|salmonPortal:4,2026-05-09T13:21:29.836Z,2026-05-09T13:21:45.153Z,2026-05-09T13:17:00.288Z|2026-05-09T13:17:05.984Z|2026-05-09T13:17:09.277Z|2026-05-09T13:18:31.783Z|2026-05-09T13:18:40.062Z|2026-05-09T13:18:43.700Z|2026-05-09T13:20:10.794Z|2026-05-09T13:20:18.571Z|2026-05-09T13:20:22.006Z|2026-05-09T13:21:30.250Z|2026-05-09T13:21:34.871Z|2026-05-09T13:21:38.409Z|2026-05-09T13:22:51.253Z|2026-05-09T13:22:56.670Z|2026-05-09T13:23:00.223Z,2026-05-09T13:16:12.594Z|2026-05-09T13:16:35.305Z|2026-05-09T13:16:51.200Z|2026-05-09T13:20:50.088Z|2026-05-09T13:21:19.695Z,2026-05-09T13:16:34.157Z|2026-05-09T13:16:50.085Z|2026-05-09T13:19:30.637Z|2026-05-09T13:21:05.689Z|2026-05-09T13:21:21.297Z,2026-05-09T13:17:42.096Z|2026-05-09T13:19:43.382Z|2026-05-09T13:22:09.256Z,2026-05-09T13:17:54.861Z|2026-05-09T13:19:50.794Z|2026-05-09T13:22:20.693Z,2026-05-09T13:17:17.354Z|2026-05-09T13:18:54.710Z|2026-05-09T13:20:31.058Z|2026-05-09T13:21:45.536Z|2026-05-09T13:23:08.227Z,2026-05-09T13:17:23.143Z|2026-05-09T13:19:00.983Z|2026-05-09T13:20:37.087Z|2026-05-09T13:21:51.836Z|2026-05-09T13:23:13.130Z,2026-05-09T13:17:23.264Z|2026-05-09T13:19:01.104Z|2026-05-09T13:20:37.244Z|2026-05-09T13:21:51.948Z|2026-05-09T13:23:13.743Z,2026-05-09T13:17:26.279Z|2026-05-09T13:19:06.010Z|2026-05-09T13:20:40.833Z|2026-05-09T13:21:55.876Z,2026-05-09T13:19:06.841Z|2026-05-09T13:20:42.402Z|2026-05-09T13:21:57.136Z|2026-05-09T13:23:18.992Z,2026-05-09T13:19:14.816Z|2026-05-09T13:20:49.496Z|2026-05-09T13:22:02.769Z|2026-05-09T13:23:24.247Z
20260509-092324,2,optimized-mining-workbench-travel-time,stopped_bot,bot,gotr-round-restart,2026-05-09T13:23:24.266Z,2026-05-09T13:32:44.311Z,560045,2026-05-09T13:24:21.249Z,2026-05-09T13:26:56.611Z,2026-05-09T13:29:16.931Z,2026-05-09T13:31:35.338Z,null,colossal,1,77,27,4,7,4,155,159,0,0,3,2,5,4,12,8,115185,22464,0,5,0,3059,20,19809,0,4,7,chargedCellDeposit:2|guardian:3|runeDeposit:1|salmonPortal:6,null,null,2026-05-09T13:26:40.099Z|2026-05-09T13:26:45.084Z|2026-05-09T13:26:48.963Z|2026-05-09T13:28:05.895Z|2026-05-09T13:28:10.546Z|2026-05-09T13:28:13.908Z|2026-05-09T13:29:25.442Z|2026-05-09T13:29:30.044Z|2026-05-09T13:29:33.825Z|2026-05-09T13:30:25.184Z|2026-05-09T13:31:09.807Z,2026-05-09T13:25:45.447Z|2026-05-09T13:26:07.968Z|2026-05-09T13:28:43.772Z|2026-05-09T13:29:15.064Z|2026-05-09T13:30:17.210Z|2026-05-09T13:30:53.702Z|2026-05-09T13:30:58.566Z,2026-05-09T13:26:06.650Z|2026-05-09T13:26:21.801Z|2026-05-09T13:28:58.807Z|2026-05-09T13:30:14.069Z|2026-05-09T13:30:18.786Z|2026-05-09T13:30:55.973Z|2026-05-09T13:31:00.828Z,2026-05-09T13:27:08.470Z|2026-05-09T13:31:46.465Z,2026-05-09T13:27:19.768Z|2026-05-09T13:31:57.631Z,2026-05-09T13:27:48.070Z|2026-05-09T13:28:22.758Z|2026-05-09T13:29:44.505Z|2026-05-09T13:30:34.333Z|2026-05-09T13:31:21.916Z|2026-05-09T13:31:29.627Z|2026-05-09T13:31:32.901Z,2026-05-09T13:27:50.695Z|2026-05-09T13:28:29.760Z|2026-05-09T13:29:50.718Z|2026-05-09T13:30:39.679Z,2026-05-09T13:27:50.806Z|2026-05-09T13:28:29.869Z|2026-05-09T13:29:50.830Z|2026-05-09T13:30:39.790Z|2026-05-09T13:32:25.152Z,2026-05-09T13:27:54.439Z|2026-05-09T13:28:34.433Z|2026-05-09T13:29:53.904Z|2026-05-09T13:30:43.718Z,2026-05-09T13:28:35.222Z|2026-05-09T13:29:54.632Z|2026-05-09T13:30:45.286Z|2026-05-09T13:32:37.732Z,2026-05-09T13:28:43.191Z|2026-05-09T13:30:00.753Z|2026-05-09T13:30:53.127Z
20260509-093244,3,optimized-mining-workbench-travel-time,clean_complete,bot,gotr-round-restart,2026-05-09T13:32:44.314Z,2026-05-09T13:42:48.775Z,604461,2026-05-09T13:33:59.647Z,2026-05-09T13:36:30.543Z,2026-05-09T13:38:48.708Z,2026-05-09T13:41:13.801Z,2026-05-09T13:42:48.774Z,colossal,1,77,27,4,5,4,162,166,47,48,3,2,5,5,9,4,193978,17175,64458,5,2,6054,19,19808,1,1,8,altar:10|guardian:1|redPortal:2|salmonPortal:7,2026-05-09T13:37:31.776Z|2026-05-09T13:40:35.050Z,2026-05-09T13:38:04.123Z|2026-05-09T13:41:07.161Z,2026-05-09T13:36:14.759Z|2026-05-09T13:36:19.494Z|2026-05-09T13:36:22.827Z|2026-05-09T13:37:40.165Z|2026-05-09T13:37:49.800Z|2026-05-09T13:37:53.134Z|2026-05-09T13:39:21.849Z|2026-05-09T13:39:28.528Z|2026-05-09T13:39:31.818Z|2026-05-09T13:40:39.580Z|2026-05-09T13:40:47.413Z|2026-05-09T13:40:51.112Z|2026-05-09T13:42:09.848Z|2026-05-09T13:42:17.644Z|2026-05-09T13:42:20.908Z,2026-05-09T13:35:24.889Z|2026-05-09T13:36:02.386Z|2026-05-09T13:40:00.874Z|2026-05-09T13:40:20.322Z,2026-05-09T13:35:46.058Z|2026-05-09T13:38:38.716Z|2026-05-09T13:40:15.455Z|2026-05-09T13:40:22.220Z,2026-05-09T13:36:43.263Z|2026-05-09T13:38:58.902Z,2026-05-09T13:36:54.605Z|2026-05-09T13:39:04.735Z,2026-05-09T13:37:15.715Z|2026-05-09T13:38:04.519Z|2026-05-09T13:39:41.361Z|2026-05-09T13:41:07.585Z|2026-05-09T13:42:32.192Z,2026-05-09T13:37:19.732Z|2026-05-09T13:38:11.255Z|2026-05-09T13:39:46.516Z|2026-05-09T13:41:11.233Z,2026-05-09T13:37:19.846Z|2026-05-09T13:38:11.374Z|2026-05-09T13:39:46.612Z|2026-05-09T13:41:11.351Z|2026-05-09T13:42:39.645Z,2026-05-09T13:37:22.378Z|2026-05-09T13:38:16.250Z|2026-05-09T13:39:51.605Z|2026-05-09T13:41:14.251Z|2026-05-09T13:42:41.982Z,2026-05-09T13:38:17.012Z|2026-05-09T13:39:53.068Z|2026-05-09T13:42:42.948Z,2026-05-09T13:38:23.483Z|2026-05-09T13:40:00.313Z|2026-05-09T13:42:48.774Z
20260509-094248,4,optimized-mining-workbench-travel-time,stopped_f4,f4,bot-stopped,2026-05-09T13:42:48.783Z,2026-05-09T13:42:58.171Z,9388,null,null,null,null,null,colossal,1,77,27,0,0,0,0,0,0,0,0,0,0,0,0,0,0,0,0,0,0,0,0,0,0,0,0,null,null,null,null,null,null,null,null,null,null,null,null,null,null
20260509-094334,1,optimized-mining-workbench-travel-time,stopped_f4,f4,bot-stopped,2026-05-09T13:43:34.746Z,2026-05-09T13:45:51.999Z,137253,null,null,null,null,null,colossal,1,77,27,0,0,0,0,0,0,0,0,0,0,0,3,0,37886,0,0,0,0,0,1,0,0,5,5,guardian:5,null,null,null,2026-05-09T13:44:58.150Z|2026-05-09T13:45:35.359Z,2026-05-09T13:45:19.396Z|null,null,null,null,null,null,null,null,null
20260509-095349,1,optimized-mining-workbench-travel-time,clean_complete,bot,gotr-round-restart,2026-05-09T13:53:49.642Z,2026-05-09T14:01:55.040Z,485398,null,2026-05-09T13:55:49.979Z,2026-05-09T13:58:28.648Z,2026-05-09T14:00:21.068Z,2026-05-09T14:01:55.039Z,colossal,1,77,27,4,6,4,163,167,48,49,3,2,4,4,10,4,120975,22632,24549,5,0,2831,19,19756,16,5,8,altar:2|chargedCellDeposit:1|guardian:5|salmonPortal:7,2026-05-09T13:55:25.136Z,2026-05-09T13:55:49.685Z,2026-05-09T13:55:27.270Z|2026-05-09T13:55:36.428Z|2026-05-09T13:55:39.717Z|2026-05-09T13:56:45.397Z|2026-05-09T13:56:52.430Z|2026-05-09T13:56:55.998Z|2026-05-09T13:58:10.930Z|2026-05-09T13:58:15.747Z|2026-05-09T13:58:19.500Z|2026-05-09T13:59:37.416Z|2026-05-09T13:59:45.367Z|2026-05-09T13:59:49.093Z|2026-05-09T14:01:27.390Z|2026-05-09T14:01:31.935Z|2026-05-09T14:01:36.120Z,2026-05-09T13:54:33.064Z|2026-05-09T13:54:54.507Z|2026-05-09T13:57:27.061Z|2026-05-09T13:57:59.357Z|2026-05-09T13:59:14.732Z,2026-05-09T13:54:53.384Z|2026-05-09T13:55:08.616Z|2026-05-09T13:57:42.376Z|2026-05-09T13:59:08.694Z|2026-05-09T13:59:16.626Z,2026-05-09T13:55:59.015Z|2026-05-09T14:00:41.171Z,2026-05-09T13:56:10.496Z|2026-05-09T14:00:52.322Z,2026-05-09T13:56:32.711Z|2026-05-09T13:57:05.595Z|2026-05-09T13:58:34.058Z|2026-05-09T14:00:00.188Z|2026-05-09T14:00:09.297Z|2026-05-09T14:01:44.019Z,2026-05-09T13:56:36.891Z|2026-05-09T13:57:12.292Z|2026-05-09T13:58:40.713Z|2026-05-09T14:00:11.085Z,2026-05-09T13:56:37.022Z|2026-05-09T13:57:12.448Z|2026-05-09T13:58:40.823Z|2026-05-09T14:00:11.180Z,2026-05-09T13:56:40.232Z|2026-05-09T13:57:17.297Z|2026-05-09T13:58:45.621Z|2026-05-09T14:00:15.265Z,2026-05-09T13:57:18.496Z|2026-05-09T13:58:46.323Z|2026-05-09T14:00:16.656Z|2026-05-09T14:01:52.102Z,2026-05-09T13:57:26.363Z|2026-05-09T13:58:53.855Z|2026-05-09T14:00:22.236Z|2026-05-09T14:01:55.039Z
20260509-100155,2,optimized-mining-workbench-travel-time,clean_complete,bot,gotr-round-restart,2026-05-09T14:01:55.043Z,2026-05-09T14:11:26.053Z,571010,2026-05-09T14:02:50.303Z,2026-05-09T14:05:28.574Z,2026-05-09T14:07:43.063Z,2026-05-09T14:10:07.559Z,2026-05-09T14:11:26.051Z,colossal,1,77,27,5,5,5,219,224,0,0,4,3,5,5,9,4,67314,28965,0,5,0,2882,20,19771,3,3,7,guardian:3|salmonPortal:8,null,null,2026-05-09T14:05:06.047Z|2026-05-09T14:05:13.734Z|2026-05-09T14:05:17.126Z|2026-05-09T14:06:45.501Z|2026-05-09T14:06:50.422Z|2026-05-09T14:06:54.164Z|2026-05-09T14:08:17.831Z|2026-05-09T14:08:24.928Z|2026-05-09T14:08:28.192Z|2026-05-09T14:09:31.708Z|2026-05-09T14:09:36.441Z|2026-05-09T14:09:40.443Z|2026-05-09T14:10:52.518Z|2026-05-09T14:10:57.432Z|2026-05-09T14:11:01.438Z,2026-05-09T14:04:15.318Z|2026-05-09T14:04:37.233Z|2026-05-09T14:07:21.409Z|2026-05-09T14:08:57.084Z|2026-05-09T14:09:19.018Z,2026-05-09T14:04:36.087Z|2026-05-09T14:04:51.713Z|2026-05-09T14:07:36.482Z|2026-05-09T14:09:12.369Z|2026-05-09T14:09:20.725Z,2026-05-09T14:05:52.139Z|2026-05-09T14:07:54.100Z|2026-05-09T14:10:18.771Z,2026-05-09T14:06:03.815Z|2026-05-09T14:08:00.142Z|2026-05-09T14:10:30.018Z,2026-05-09T14:05:27.705Z|2026-05-09T14:07:02.106Z|2026-05-09T14:08:37.839Z|2026-05-09T14:09:49.594Z|2026-05-09T14:11:10.463Z,2026-05-09T14:05:32.504Z|2026-05-09T14:07:07.642Z|2026-05-09T14:08:45.948Z|2026-05-09T14:09:55.286Z|2026-05-09T14:11:15.958Z,2026-05-09T14:06:29.771Z|2026-05-09T14:07:07.742Z|2026-05-09T14:08:46.044Z|2026-05-09T14:09:55.393Z|2026-05-09T14:11:16.049Z,2026-05-09T14:06:34.898Z|2026-05-09T14:07:12.995Z|2026-05-09T14:08:48.849Z|2026-05-09T14:09:59.532Z|2026-05-09T14:11:18.906Z,2026-05-09T14:07:14.028Z|2026-05-09T14:08:49.554Z|2026-05-09T14:10:00.247Z|2026-05-09T14:11:19.755Z,2026-05-09T14:07:20.852Z|2026-05-09T14:08:56.521Z|2026-05-09T14:10:07.593Z|2026-05-09T14:11:26.051Z
20260509-101126,3,optimized-mining-workbench-travel-time,stopped_f4,f4,bot-stopped,2026-05-09T14:11:26.063Z,2026-05-09T14:11:33.775Z,7712,null,null,null,null,null,colossal,1,77,27,0,0,0,0,0,0,0,0,0,0,0,0,0,0,0,0,0,0,0,0,0,0,0,1,null,null,null,null,null,null,null,null,null,null,null,null,null,null
